<?xml version="1.0" encoding="UTF-8"?>

<templates>
    <t t-name="ks_widget_toggle">
        <div class="ks_select_dashboard_item_toggle">
            <div class="ks_select_icon_div">
                <input id="ks_default_icon" type="radio" name="default_custom_icon_toggle"
                       class="ks_toggle_icon_input" value="Default"/>
                Default Icons
            </div>
            <div class="ks_select_icon_div">
                <input id="ks_custom_icon" type="radio" name="default_custom_icon_toggle" class="ks_toggle_icon_input"
                       value="Custom"/>
                Upload Icon
            </div>
        </div>
    </t>
    <t t-name="ks_widget_toggle_kpi_target_view">
        <div class="ks_select_dashboard_item_toggle">
            <div class="ks_select_icon_div">
                <input id="ks_default_icon" type="radio" name="default_custom_icon_toggle"
                       class="ks_toggle_icon_input" value="Number"/>
                Number
            </div>
            <div class="ks_select_icon_div">
                <input id="ks_custom_icon" type="radio" name="default_custom_icon_toggle" class="ks_toggle_icon_input"
                       value="Progress Bar"/>
                Progress Bar
            </div>
        </div>
    </t>
    <t t-name="ks_widget_toggle_kpi">
        <div class="ks_select_dashboard_item_toggle">
            <div class="ks_select_icon_div">
                <input id="ks_sum_kpi" type="radio" name="kpi_data_comparison_none"
                       class="ks_toggle_icon_input" value="None"/>
                None
            </div>
            <div class="ks_select_icon_div">
                <input id="ks_sum_kpi" type="radio" name="kpi_data_comparison_sum"
                       class="ks_toggle_icon_input" value="Sum"/>
                Sum
            </div>
            <div class="ks_select_icon_div">
                <input id="ks_ratio_kpi" type="radio" name="kpi_data_comparison_ratio"
                       class="ks_toggle_icon_input" value="Ratio"/>
                Ratio
            </div>
            <div class="ks_select_icon_div">
                <input id="ks_percentage_kpi" type="radio" name="kpi_data_comparison_percentage"
                       class="ks_toggle_icon_input" value="Percentage"/>
                Percentage
            </div>
        </div>
    </t>
</templates>