<?xml version="1.0" encoding="UTF-8" ?>
<odoo>
    <template id="assets_frontend_organisation" name="Organisation Dashboard" inherit_id="web.assets_frontend">
        <xpath expr="." position="inside">
<!--            <script type="text/javascript" src="booking/static/src/js/booking.js"/>-->
<!--            <script type="text/javascript" src="/sports_erp_dashboard/static/src/js/style.css"/>-->
            <link rel="stylesheet" href="https://cdnjs.cloudflare.com/ajax/libs/twitter-bootstrap/4.6.0/css/bootstrap.min.css"
                integrity="sha512-P5MgMn1jBN01asBgU0z60Qk4QxiXo86+wlFahKrsQf37c9cro517WzVSPPV1tDKzhku2iJ2FVgL67wG03SGnNA=="
                crossorigin="anonymous" />
            <script type="text/javascript" src="https://code.jquery.com/jquery-3.6.1.min.js"
                    integrity="sha256-o88AwQnZB+VDvE9tvIXrMQaPlFFSUTR+nldQm1LuPXQ=" crossorigin="anonymous"></script>
                <script type="text/javascript" src="https://cdn.jsdelivr.net/npm/bootstrap@4.6.2/dist/js/bootstrap.bundle.min.js"
                    integrity="sha384-Fy6S3B9q64WdZWQUiU+q4/2Lc9npb8tCaSX9FK7E8HnRr0Jz8D6OP9dO5Vg3Q9ct"
                    crossorigin="anonymous"></script>
        </xpath>
    </template>
</odoo>