<?xml version="1.0" ?>
<templates>
    <!-- Mega Category Model -->
    <div t-name="theme_alan.category_mega_modal">
        <!-- Header -->
        <div class="as-edit-popup-header">
            <h1><t t-esc="data.title"/></h1>
        </div>
        <!-- Body -->
        <div class="as-edit-popup-body">
            <ul class="nav nav-tabs" id="as_category_mm_tab" role="tablist">
                <li class="nav-item" role="presentation">
                    <a class="nav-link active" id="category-mega-config" data-toggle="tab" href="#mega-add-category" role="tab" aria-controls="mega-add-category" aria-selected="true">Category Selection</a>
                </li>
                <li class="nav-item" role="presentation">
                    <a class="nav-link" id="category-ui-tab" data-toggle="tab" href="#category-ui" role="tab" aria-controls="category-ui" aria-selected="false">UI Design</a>
                </li>
            </ul>
            <div class="tab-content" id="as_category_mm_tabContent">
                <div class="tab-pane fade show active" id="mega-add-category" role="tabpanel" aria-labelledby="category-mega-config">
                    <button class="as-edit-btn as-edit-btn-gray mb-4" id="mega-add-btn-cat"><i class="fa fa-plus"></i> Add Category</button>
                    <div class="as-category-select-list-view as-ui-sortable"/>
                </div>
                <div class="tab-pane fade" id="category-ui" role="tabpanel" aria-labelledby="category-ui-tab">
                    <div class="as-edit-layout-tabs">
                        <div class="row">
                            <div class="col-lg-6">
                                <div class="as-edit-layout-box">
                                    <h6 class="as-edit-sub-label">Layout Style</h6>
                                    <div class="as-edit-layout-box-in">
                                        <div class="custom-control custom-radio">
                                            <input class="custom-control-input" type="radio" name="megaView" t-attf-id="as-category-{{data.megaView}}-simple" t-attf-value="as-category-{{data.megaView}}-simple" checked="checked"/>
                                            <label class="custom-control-label" t-attf-for="as-category-{{data.megaView}}-simple">
                                                Simple
                                            </label>
                                        </div>
                                        <div class="custom-control custom-radio">
                                            <input class="custom-control-input" type="radio" name="megaView" t-attf-id="as-category-{{data.megaView}}-modern" t-attf-value="as-category-{{data.megaView}}-modern"/>
                                            <label class="custom-control-label" t-attf-for="as-category-{{data.megaView}}-modern">
                                                Modern
                                            </label>
                                        </div>
                                        <div class="custom-control custom-radio">
                                            <input class="custom-control-input" type="radio" name="megaView" t-attf-id="as-category-{{data.megaView}}-classic" t-attf-value="as-category-{{data.megaView}}-classic"/>
                                            <label class="custom-control-label" t-attf-for="as-category-{{data.megaView}}-classic">
                                                Classic
                                            </label>
                                        </div>
                                    </div>
                                </div>
                                <div class="as-edit-layout-box">
                                    <h6 class="as-edit-sub-label">Columns</h6>
                                    <div class="as-edit-layout-box-in">
                                        <div class="as-edit-col-list">
                                            <div class="custom-control custom-checkbox">
                                                <input class="custom-control-input" type="radio" name="columnView" id="as-mm-row-01" value="as-mm-row-01" checked="checked"/>
                                                <label class="custom-control-label" for="as-mm-row-01">
                                                    1
                                                </label>
                                            </div>
                                            <div class="custom-control custom-checkbox">
                                                <input class="custom-control-input" type="radio" name="columnView" id="as-mm-row-02" value="as-mm-row-02"/>
                                                <label class="custom-control-label" for="as-mm-row-02">
                                                    2
                                                </label>
                                            </div>
                                            <div class="custom-control custom-checkbox">
                                                <input class="custom-control-input" type="radio" name="columnView" id="as-mm-row-03" value="as-mm-row-03"/>
                                                <label class="custom-control-label" for="as-mm-row-03">
                                                    3
                                                </label>
                                            </div>
                                            <div class="custom-control custom-checkbox">
                                                <input class="custom-control-input" type="radio" name="columnView" id="as-mm-row-04" value="as-mm-row-04"/>
                                                <label class="custom-control-label" for="as-mm-row-04">
                                                    4
                                                </label>
                                            </div>
                                            <div class="custom-control custom-checkbox">
                                                <input class="custom-control-input" type="radio" name="columnView" id="as-mm-row-05" value="as-mm-row-05"/>
                                                <label class="custom-control-label" for="as-mm-row-05">
                                                    5
                                                </label>
                                            </div>
                                            <div class="custom-control custom-checkbox">
                                                <input class="custom-control-input" type="radio" name="columnView" id="as-mm-row-06" value="as-mm-row-06" checked="checked"/>
                                                <label class="custom-control-label" for="as-mm-row-06">
                                                    6
                                                </label>
                                            </div>
                                        </div>
                                    </div>
                                </div>
                            </div>
                            <div class="col-lg-6">
                                <div class="as-edit-layout-preview">
                                    <div class="megaPreview" t-attf-data-style-id="as-category-{{data.megaView}}-simple">
                                        <img t-attf-src="/theme_alan/static/src/img/snippets/megamenu/category-{{data.megaView}}-column-simple.jpg" />
                                    </div>
                                    <div class="megaPreview d-none" t-attf-data-style-id="as-category-{{data.megaView}}-modern">
                                        <img t-attf-src="/theme_alan/static/src/img/snippets/megamenu/category-{{data.megaView}}-column-modern.jpg" />
                                    </div>
                                    <div class="megaPreview d-none" t-attf-data-style-id="as-category-{{data.megaView}}-classic">
                                        <img t-attf-src="/theme_alan/static/src/img/snippets/megamenu/category-{{data.megaView}}-column-classic.jpg" />
                                    </div>
                                </div>
                            </div>
                        </div>
                    </div>
                </div>
            </div>
        </div>
        <!-- Footer -->
        <div class="as-edit-popup-footer">
            <button class="as-edit-btn as-edit-btn-primary as-save-dialog">Save</button>
            <button class="as-edit-btn as-edit-btn-secondary as-close-dialog">Close</button>
        </div>
    </div>

    <div t-name="category_mega_modal">
        <t t-call="theme_alan.category_mega_modal"/>
    </div>
</templates>