<?xml version="1.0" encoding="UTF-8" ?>
<odoo>
    <data noupdate="0">
        <record id="lifestyle_assessment_survey" model="survey.survey">
            <field name="title">Lifestyle Assessment</field>
            <field name="is_diary">True</field>
            <field name="question_and_page_ids" eval="[(5, 0),
            (0, 0, {'title': 'Stress Metric', 'question_type': 'calculated_metric', 'is_page': False}),
            (0, 0, {'title': 'Sleep Metric', 'question_type': 'calculated_metric', 'is_page': False}),
            (0, 0, {'title': 'Study/Work Metric', 'question_type': 'calculated_metric', 'is_page': False}),
            (0, 0, {'title': 'Training Metric', 'question_type': 'calculated_metric', 'is_page': False}),
            (0, 0, {'title': 'Competitions Metric', 'question_type': 'calculated_metric', 'is_page': False}),
            (0, 0, {'title': 'Dual Career Metric', 'question_type': 'calculated_metric', 'is_page': False}),
            (0, 0, {'title': 'Family Metric', 'question_type': 'calculated_metric', 'is_page': False}),
            (0, 0, {'title': 'Injuries Metric', 'question_type': 'calculated_metric', 'is_page': False}),
            (0, 0, {'title': 'Nutrition Metric', 'question_type': 'calculated_metric', 'is_page': False}),
            ]"/>
        </record>
        <record id="hr_assessment_survey" model="survey.survey">
            <field name="title">HR/HRV Assessment</field>
            <field name="is_diary">True</field>
        </record>
        <record id="mobility_assessment_survey" model="survey.survey">
            <field name="title">Mobility Assessment</field>
            <field name="is_diary">True</field>
        </record>
        <record id="mental_assessment_survey" model="survey.survey">
            <field name="title">Mental Assessment</field>
            <field name="is_diary">True</field>
        </record>
        <record id="nutrition_assessment_survey" model="survey.survey">
            <field name="title">Nutrition Assessment</field>
            <field name="is_diary">True</field>
        </record>
        <record id="aerobic_assessment_survey" model="survey.survey">
            <field name="title">Aerobic Assessment</field>
            <field name="is_diary">True</field>
        </record>
        <record id="anaerobic_assessment_survey" model="survey.survey">
            <field name="title">Anaerobic Assessment</field>
            <field name="is_diary">True</field>
        </record>
        <record id="sc_assessment_survey" model="survey.survey">
            <field name="title">S &amp; C Assessment</field>
            <field name="is_diary">True</field>
        </record>

    </data>
</odoo>