<?xml version='1.0' encoding='utf-8'?>
<odoo>
    <data noupdate="0">
        <record id="stage_assessment" model="badminto.assessment.stage">
            <field name="name">Assessment</field>
        </record>
        <record id="stage_assigned" model="badminto.assessment.stage">
            <field name="name">Assigned</field>
        </record>
        <record id="stage_in_progress" model="badminto.assessment.stage">
            <field name="name">In Progress</field>
        </record>
        <record id="stage_done" model="badminto.assessment.stage">
            <field name="name">Done</field>
        </record>
        <record id="stage_cancel" model="badminto.assessment.stage">
            <field name="name">Cancel</field>
        </record>
        <record id="general_assessment" model="assessment.types">
            <field name="name">General Assessment</field>
        </record>
        <record id="mental_assessment" model="assessment.types">
            <field name="name">Mental Assessment</field>
        </record>
        <record id="physical_assessment" model="assessment.types">
            <field name="name">Physical Assessment</field>
        </record>
        <record id="technical_assessment" model="assessment.types">
            <field name="name">Technical Assessment</field>
        </record>
        <record id="tactical_assessment" model="assessment.types">
            <field name="name">Tactical Assessment</field>
        </record>
        <record id="adaptation_assessment" model="assessment.types">
            <field name="name">Adaptation</field>
        </record>

        <record id="in_service_technical" model="technical.configuration.types">
            <field name="name">IN: Service</field>
        </record>
        <record id="in_receiving_technical" model="technical.configuration.types">
            <field name="name">IN: Receiving</field>
        </record>

        <record id="fnz_to_forehand_technical" model="technical.configuration.types">
            <field name="name">FNZ: TO: Forehand net kill</field>
        </record>
        <record id="fnz_co_forehand_technical" model="technical.configuration.types">
            <field name="name">FNZ: CO: Forehand net push</field>
        </record>
        <record id="fnz_co_offensive_technical" model="technical.configuration.types">
            <field name="name">FNZ: CO: Offensive forehand cross net</field>
        </record>
        <record id="fnz_co_forehand_offensive_lift" model="technical.configuration.types">
            <field name="name">FNZ: CO: Forehand offensive lift</field>
        </record>
        <record id="fnz_co_forehand_straight_spin" model="technical.configuration.types">
            <field name="name">FNZ: CO: Forehand straight spin</field>
        </record>
        <record id="fnz_co_forehand_reverse_spin" model="technical.configuration.types">
            <field name="name">FNZ: CO: Forehand reverse spin</field>
        </record>
        <record id="fnz_co_net_block" model="technical.configuration.types">
            <field name="name">FNZ: 50/50 to CO: Net block</field>
        </record>
        <record id="fnz_forehand_reverse_spin" model="technical.configuration.types">
            <field name="name">FNZ: 50/50: Forehand reverse spin</field>
        </record>
        <record id="fnz_neutralisation" model="technical.configuration.types">
            <field name="name">FNZ: Neutralisation</field>
        </record>
        <record id="fnz_defensive_forehand_cross_net" model="technical.configuration.types">
            <field name="name">FNZ: CD: Defensive forehand cross net</field>
        </record>
        <record id="fnz_defensive_forehand_lifts" model="technical.configuration.types">
            <field name="name">FNZ: CD: Defensive forehand lifts</field>
        </record>
        <record id="fnz_defensive_dive" model="technical.configuration.types">
            <field name="name">FNZ: TD: Defensive dive</field>
        </record>

        <record id="menu_badmintoo" model="website.menu">
            <field name="name">Assessments</field>
            <field name="url">/badmintoo_products</field>
            <field name="parent_id" ref="website.main_menu"/>
            <field name="sequence" type="int">10</field>
        </record>

        <record id="seq_badminto_assessment" model="ir.sequence">
            <field name="name">Assessment Sequence</field>
            <field name="code">badminto.assessment</field>
            <field name="padding">3</field>
            <field name="company_id" eval="False"/>
        </record>

        <record id="in_service" model="technical.assessment.configuration">
            <field name="name">In Service</field>
        </record>
        <record id="low_service" model="technical.assessment.configuration.data">
            <field name="start">0.00</field>
            <field name="end">33.33</field>
            <field name="color">red</field>
            <field name="level">low</field>
            <field name="comments">Low</field>
            <field name="technical_id" ref="badminto.in_service"/>
        </record>
        <record id="medium_service" model="technical.assessment.configuration.data">
            <field name="start">33.34</field>
            <field name="end">66.66</field>
            <field name="color">yellow</field>
            <field name="level">medium</field>
            <field name="comments">Medium</field>
            <field name="technical_id" ref="badminto.in_service"/>
        </record>
        <record id="high_service" model="technical.assessment.configuration.data">
            <field name="start">66.67</field>
            <field name="end">100.00</field>
            <field name="color">green</field>
            <field name="level">high</field>
            <field name="comments">High</field>
            <field name="technical_id" ref="badminto.in_service"/>
        </record>


        <record id="in_receiving"
                model="technical.assessment.configuration">
            <field name="name">In Receiving</field>
        </record>
        <record id="low_receiving"
                model="technical.assessment.configuration.data">
            <field name="start">0.00</field>
            <field name="end">33.33</field>
            <field name="color">red</field>
            <field name="level">low</field>
            <field name="comments">Low</field>
            <field name="technical_id" ref="badminto.in_receiving"/>
        </record>
        <record id="medium_receiving" model="technical.assessment.configuration.data">
            <field name="start">33.34</field>
            <field name="end">66.66</field>
            <field name="color">yellow</field>
            <field name="level">medium</field>
            <field name="comments">Medium</field>
            <field name="technical_id" ref="badminto.in_receiving"/>
        </record>
        <record id="high_receiving" model="technical.assessment.configuration.data">
            <field name="start">66.67</field>
            <field name="end">100.00</field>
            <field name="color">green</field>
            <field name="level">high</field>
            <field name="comments">High</field>
            <field name="technical_id" ref="badminto.in_receiving"/>
        </record>




    </data>

</odoo>