<?xml version="1.0" encoding="utf-8"?>
<templates>
    <!-- Category & Brand Snippets Configuration  -->
    <t t-name="theme_alan.dialog_brand_modal">
        <div>
            <div class="as-edit-popup-header">
                <t t-if="data.type == 'brand'">
                    <h1>Brand Snippet</h1>
                </t>
                <t t-if="data.type == 'product'">
                    <h1>Brand Product Snippet</h1>
                </t>
                <t t-if="data.type == 'blog'">
                    <h1>Blog Snippet</h1>
                </t>
            </div>
            <div class="as-edit-popup-body">
                <ul class="nav nav-tabs" id="as_brand_blog_edit_popup" role="tablist">
                    <li class="nav-item" role="presentation">
                        <t t-if="data.type == 'brand' || data.type == 'product'">
                            <a class="nav-link active" id="as_brand_edit_selection_tab" data-toggle="tab" href="#as_brand_edit_selection" role="tab" aria-controls="as_brand_edit_selection" aria-selected="true">Brand Selection</a>
                        </t>
                        <t t-if="data.type == 'blog'">
                            <a class="nav-link active" id="as_blog_edit_selection_tab" data-toggle="tab" href="#as_blog_edit_selection" role="tab" aria-controls="as_blog_edit_selection" aria-selected="true">Blog Selection</a>
                        </t>
                    </li>
                    <li class="nav-item" role="presentation">
                        <a class="nav-link" id="as_brand_blog_edit_ui-tab" data-toggle="tab" href="#as_brand_blog_edit_ui" role="tab" aria-controls="as_brand_blog_edit_ui" aria-selected="false">UI Design</a>
                    </li>
                </ul>
                <div class="tab-content" id="as_brand_blog_edit_popupContent">
                    <t t-if="data.type == 'brand' || data.type == 'product'">
                        <div class="tab-pane fade show active" id="as_brand_edit_selection" role="tabpanel" aria-labelledby="as_brand_edit_selection_tab">
                            <!-- <div class="col-lg-6">
                                <div class="w-100"/>
                            </div> -->
                            <button class="as-edit-btn as-edit-btn-gray mb-4" id="add-btn-brand"><i class="fa fa-plus"></i> Add Brand</button>
                            <div class="as-brand-select-list-view as-ui-sortable"/>
                        </div>
                    </t>
                    <t t-if="data.type == 'blog'">
                        <div class="tab-pane fade show active" id="as_blog_edit_selection" role="tabpanel" aria-labelledby="as_blog_edit_selection_tab">
                            <button class="as-edit-btn as-edit-btn-gray mb-4" id="add-btn-blog"><i class="fa fa-plus"></i> Add Blog</button>
                            <div class="as-blog-select-list-view as-ui-sortable"/>
                        </div>
                    </t>
                    <!-- <div class="col-lg-6">
                        <div class="w-100"/>
                    </div> -->
                    <div class="tab-pane fade" id="as_brand_blog_edit_ui" role="tabpanel" aria-labelledby="as_brand_blog_edit_ui-tab">
                        <div class="as-edit-layout-tabs">
                            <div class="row">
                                <div class="col-lg-6">
                                    <t t-if="data.type == 'product'">
                                        <!-- Template for tab option -->
                                        <t t-call="theme_alan.tab_option_template"/>
                                    </t>

                                    <!-- Template for main layout option -->
                                    <t t-call="theme_alan.main_layout_option_template"/>

                                    <!-- Template for slider pagination option -->
                                    <t t-call="theme_alan.slider_pagination_option_template"/>

                                    <t t-if="data.type == 'brand'">
                                        <div class="as-edit-layout-box">
                                            <h6 class="as-edit-sub-label">Other Options</h6>
                                            <div class="as-edit-layout-box-in">
                                                <div class="custom-control custom-checkbox">
                                                    <input class="custom-control-input" type="checkbox" name="recordLink" id="recordLink" value="recordLink" checked="checked"/>
                                                    <label class="custom-control-label" for="recordLink">
                                                        Set Brand link
                                                    </label>
                                                </div>
                                                <div class="custom-control custom-checkbox">
                                                    <input class="custom-control-input" type="checkbox" name="recordName" id="recordName" value="recordName" checked="checked"/>
                                                    <label class="custom-control-label" for="recordName">
                                                        Set Brand name
                                                    </label>
                                                </div>
                                            </div>
                                        </div>
                                    </t>
                                    <t t-if="data.type == 'product'">
                                        <div class="as-edit-layout-box">
                                            <h6 class="as-edit-sub-label">Other Options</h6>
                                            <div class="as-edit-layout-box-in">
                                                <div class="custom-control custom-checkbox">
                                                    <input class="custom-control-input" type="checkbox" name="recordLink" id="recordLink" value="recordLink" checked="checked"/>
                                                    <label class="custom-control-label" for="recordLink">
                                                        Set Product link
                                                    </label>
                                                </div>
                                            </div>
                                        </div>
                                    </t>

                                    <!-- Template for slider option -->
                                    <t t-call="theme_alan.slider_options_template"/>

                                    <!-- Template for column layout option -->
                                    <t t-call="theme_alan.column_layout_options_template"/>


                                    <t t-if="data.type == 'product'">
                                        <!-- Template for quick options -->
                                        <t t-call="theme_alan.quick_options_template"/>
                                    </t>
                                </div>
                                <div class="col-lg-6">
                                    <div class="py-5 border w-100">
                                        <h1 class="dataPreview s1">
                                            <t t-if="data.type == 'brand'">
                                                <img t-attf-src="theme_alan/static/src/img/snippets/brand/as-brand-style1.jpg" />
                                            </t>
                                            <t t-if="data.type == 'product'">
                                                <img t-attf-src="theme_alan/static/src/img/snippets/product/as-product-style1.jpg" />
                                            </t>
                                            <t t-if="data.type == 'blog'">
                                                <img t-attf-src="theme_alan/static/src/img/snippets/blog/as-blog-style1.jpg" />
                                            </t>
                                        </h1>
                                        <h1 class="dataPreview s2 d-none">
                                            <t t-if="data.type == 'brand'">
                                                <img t-attf-src="theme_alan/static/src/img/snippets/brand/as-brand-style2.jpg" />
                                            </t>
                                            <t t-if="data.type == 'product'">
                                                <img t-attf-src="theme_alan/static/src/img/snippets/product/as-product-style2.jpg" />
                                            </t>
                                            <t t-if="data.type == 'blog'">
                                                <img t-attf-src="theme_alan/static/src/img/snippets/blog/as-blog-style2.jpg" />
                                            </t>
                                        </h1>
                                        <h1 class="dataPreview s3 d-none">
                                            <t t-if="data.type == 'brand'">
                                                <img t-attf-src="theme_alan/static/src/img/snippets/brand/as-brand-style3.jpg" />
                                            </t>
                                            <t t-if="data.type == 'product'">
                                                <img t-attf-src="theme_alan/static/src/img/snippets/product/as-product-style3.jpg" />
                                            </t>
                                            <t t-if="data.type == 'blog'">
                                                <img t-attf-src="theme_alan/static/src/img/snippets/blog/as-blog-style3.jpg" />
                                            </t>
                                        </h1>
                                        <h1 class="dataPreview s4 d-none">
                                            <t t-if="data.type == 'brand'">
                                                <img t-attf-src="theme_alan/static/src/img/snippets/brand/as-brand-style4.jpg" />
                                            </t>
                                            <t t-if="data.type == 'product'">
                                                <img t-attf-src="theme_alan/static/src/img/snippets/product/as-product-style4.jpg" />
                                            </t>
                                            <t t-if="data.type == 'blog'">
                                                <img t-attf-src="theme_alan/static/src/img/snippets/blog/as-blog-style4.jpg" />
                                            </t>
                                        </h1>
                                        <h1 class="dataPreview s5 d-none">
                                            <t t-if="data.type == 'brand'">
                                                <img t-attf-src="theme_alan/static/src/img/snippets/brand/as-brand-style5.jpg" />
                                            </t>
                                            <t t-if="data.type == 'product'">
                                                <img t-attf-src="theme_alan/static/src/img/snippets/product/as-product-style5.jpg" />
                                            </t>
                                            <t t-if="data.type == 'blog'">
                                                <img t-attf-src="theme_alan/static/src/img/snippets/blog/as-blog-style5.jpg" />
                                            </t>
                                        </h1>
                                        <h1 class="dataPreview s6 d-none">
                                            <t t-if="data.type == 'brand'">
                                                <img t-attf-src="theme_alan/static/src/img/snippets/brand/as-brand-style6.jpg" />
                                            </t>
                                            <t t-if="data.type == 'product'">
                                                <img t-attf-src="theme_alan/static/src/img/snippets/product/as-product-style6.jpg" />
                                            </t>
                                            <t t-if="data.type == 'blog'">
                                                <img t-attf-src="theme_alan/static/src/img/snippets/blog/as-blog-style6.jpg" />
                                            </t>
                                        </h1>
                                        <h1 class="dataPreview c1 d-none">
                                            <t t-if="data.type == 'brand'">
                                                <img t-attf-src="theme_alan/static/src/img/snippets/brand/as-brand-style1.jpg" />
                                            </t>
                                            <t t-if="data.type == 'product'">
                                                <img t-attf-src="theme_alan/static/src/img/snippets/product/as-product-style1.jpg" />
                                            </t>
                                            <t t-if="data.type == 'blog'">
                                                <img t-attf-src="theme_alan/static/src/img/snippets/blog/as-blog-style1.jpg" />
                                            </t>
                                        </h1>
                                        <h1 class="dataPreview c2 d-none">
                                            <t t-if="data.type == 'brand'">
                                                <img t-attf-src="theme_alan/static/src/img/snippets/brand/as-brand-style2.jpg" />
                                            </t>
                                            <t t-if="data.type == 'product'">
                                                <img t-attf-src="theme_alan/static/src/img/snippets/product/as-product-style2.jpg" />
                                            </t>
                                            <t t-if="data.type == 'blog'">
                                                <img t-attf-src="theme_alan/static/src/img/snippets/blog/as-blog-style2.jpg" />
                                            </t>
                                        </h1>
                                        <h1 class="dataPreview c3 d-none">
                                            <t t-if="data.type == 'brand'">
                                                <img t-attf-src="theme_alan/static/src/img/snippets/brand/as-brand-style3.jpg" />
                                            </t>
                                            <t t-if="data.type == 'product'">
                                                <img t-attf-src="theme_alan/static/src/img/snippets/product/as-product-style3.jpg" />
                                            </t>
                                            <t t-if="data.type == 'blog'">
                                                <img t-attf-src="theme_alan/static/src/img/snippets/blog/as-blog-style3.jpg" />
                                            </t>
                                        </h1>
                                        <h1 class="dataPreview c4 d-none">
                                            <t t-if="data.type == 'brand'">
                                                <img t-attf-src="theme_alan/static/src/img/snippets/brand/as-brand-style4.jpg" />
                                            </t>
                                            <t t-if="data.type == 'product'">
                                                <img t-attf-src="theme_alan/static/src/img/snippets/product/as-product-style4.jpg" />
                                            </t>
                                            <t t-if="data.type == 'blog'">
                                                <img t-attf-src="theme_alan/static/src/img/snippets/blog/as-blog-style4.jpg" />
                                            </t>
                                        </h1>
                                        <h1 class="dataPreview c5 d-none">
                                            <t t-if="data.type == 'brand'">
                                                <img t-attf-src="theme_alan/static/src/img/snippets/brand/as-brand-style5.jpg" />
                                            </t>
                                            <t t-if="data.type == 'product'">
                                                <img t-attf-src="theme_alan/static/src/img/snippets/product/as-product-style5.jpg" />
                                            </t>
                                            <t t-if="data.type == 'blog'">
                                                <img t-attf-src="theme_alan/static/src/img/snippets/blog/as-blog-style5.jpg" />
                                            </t>
                                        </h1>
                                        <h1 class="dataPreview c6 d-none">
                                            <t t-if="data.type == 'brand'">
                                                <img t-attf-src="theme_alan/static/src/img/snippets/brand/as-brand-style6.jpg" />
                                            </t>
                                            <t t-if="data.type == 'product'">
                                                <img t-attf-src="theme_alan/static/src/img/snippets/product/as-product-style6.jpg" />
                                            </t>
                                            <t t-if="data.type == 'blog'">
                                                <img t-attf-src="theme_alan/static/src/img/snippets/blog/as-blog-style6.jpg" />
                                            </t>
                                        </h1>
                                    </div>
                                </div>

                            </div>
                        </div>
                    </div>
                </div>
            </div>
            <div class="as-edit-popup-footer">
                <button class="as-edit-btn as-edit-btn-primary as-save-dialog">Save</button>
                <button class="as-edit-btn as-edit-btn-secondary as-close-dialog">Close</button>
            </div>
        </div>
    </t>

    <t t-name="theme_alan.dialog_cat_modal">
        <div>
            <div class="as-edit-popup-header">
                <t t-if="data.type == 'category'">
                    <h1>Category Snippet</h1>
                </t>
                <t t-if="data.type == 'product'">
                    <h1>Multi Category Product Snippet</h1>
                </t>
            </div>
            <div class="as-edit-popup-body">
                <ul class="nav nav-tabs" id="as_cat_edit_popup" role="tablist">
                    <li class="nav-item" role="presentation">
                        <a class="nav-link active" id="as_cat_edit_selection_tab" data-toggle="tab" href="#as_cat_edit_selection" role="tab" aria-controls="as_cat_edit_selection" aria-selected="true">Category Selection</a>
                    </li>
                    <li class="nav-item" role="presentation">
                        <a class="nav-link" id="as_cat_edit_ui-tab" data-toggle="tab" href="#as_cat_edit_ui" role="tab" aria-controls="as_cat_edit_ui" aria-selected="false">UI Design</a>
                    </li>
                </ul>
                <div class="tab-content" id="as_cat_edit_popupContent">
                    <div class="tab-pane fade show active" id="as_cat_edit_selection" role="tabpanel" aria-labelledby="as_cat_edit_selection_tab">
                        <!-- <div class="col-lg-6">
                            <div class="w-100"/>
                        </div> -->
                        <button class="as-edit-btn as-edit-btn-gray mb-4" id="add-btn-cat"><i class="fa fa-plus"></i> Add Category</button>
                        <div class="as-cat-select-list-view as-ui-sortable"/>
                    </div>
                    <!-- <div class="col-lg-6">
                        <div class="w-100"/>
                    </div> -->
                    <div class="tab-pane fade" id="as_cat_edit_ui" role="tabpanel" aria-labelledby="as_cat_edit_ui-tab">
                        <div class="as-edit-layout-tabs">
                            <div class="row">
                                <div class="col-lg-6">
                                    <t t-if="data.type == 'product'">
                                        <!-- Template for tab option -->
                                        <t t-call="theme_alan.tab_option_template"/>
                                    </t>

                                    <!-- Template for main layout option -->
                                    <t t-call="theme_alan.main_layout_option_template"/>

                                    <!-- Template for slider pagination option -->
                                    <t t-call="theme_alan.slider_pagination_option_template"/>

                                    <div class="as-edit-layout-box">
                                        <h6 class="as-edit-sub-label">Other Options</h6>
                                        <t t-if="data.type == 'category'">
                                            <div class="as-edit-layout-box-in">
                                                <div class="custom-control custom-checkbox">
                                                    <input class="custom-control-input" type="checkbox" name="recordLink" id="recordLink" value="recordLink" checked="checked"/>
                                                    <label class="custom-control-label" for="recordLink">
                                                        Set Category link
                                                    </label>
                                                </div>
                                            </div>
                                        </t>
                                        <t t-if="data.type == 'product'">
                                            <div class="as-edit-layout-box-in">
                                                <div class="custom-control custom-checkbox">
                                                    <input class="custom-control-input" type="checkbox" name="recordLink" id="recordLink" value="recordLink" checked="checked"/>
                                                    <label class="custom-control-label" for="recordLink">
                                                        Set Product link
                                                    </label>
                                                </div>
                                            </div>
                                        </t>
                                    </div>

                                    <!-- Template for slider option -->
                                    <t t-call="theme_alan.slider_options_template"/>

                                    <!-- Template for column layout option -->
                                    <t t-call="theme_alan.column_layout_options_template"/>

                                    <t t-if="data.type == 'product'">
                                        <!-- Template for quick options -->
                                        <t t-call="theme_alan.quick_options_template"/>
                                    </t>

                                </div>
                                <div class="col-lg-6">
                                    <div class="as-edit-layout-preview">
                                        <h1 class="dataPreview s1">
                                            <t t-if="data.type == 'category'">
                                                <img t-attf-src="theme_alan/static/src/img/snippets/categories/as-categories-style1.jpg" />
                                            </t>
                                            <t t-if="data.type == 'product'">
                                                <img t-attf-src="theme_alan/static/src/img/snippets/product/as-product-style1.jpg" />
                                            </t>
                                        </h1>
                                        <h1 class="dataPreview s2 d-none">
                                            <t t-if="data.type == 'category'">
                                                <img t-attf-src="theme_alan/static/src/img/snippets/categories/as-categories-style2.jpg" />
                                            </t>
                                            <t t-if="data.type == 'product'">
                                                <img t-attf-src="theme_alan/static/src/img/snippets/product/as-product-style2.jpg" />
                                            </t>
                                        </h1>
                                        <h1 class="dataPreview s3 d-none">
                                            <t t-if="data.type == 'category'">
                                                <img t-attf-src="theme_alan/static/src/img/snippets/categories/as-categories-style3.jpg" />
                                            </t>
                                            <t t-if="data.type == 'product'">
                                                <img t-attf-src="theme_alan/static/src/img/snippets/product/as-product-style3.jpg" />
                                            </t>
                                        </h1>
                                        <h1 class="dataPreview s4 d-none">
                                            <t t-if="data.type == 'category'">
                                                <img t-attf-src="theme_alan/static/src/img/snippets/categories/as-categories-style4.jpg" />
                                            </t>
                                            <t t-if="data.type == 'product'">
                                                <img t-attf-src="theme_alan/static/src/img/snippets/product/as-product-style4.jpg" />
                                            </t>
                                        </h1>
                                        <h1 class="dataPreview s5 d-none">
                                            <t t-if="data.type == 'category'">
                                                <img t-attf-src="theme_alan/static/src/img/snippets/categories/as-categories-style5.jpg" />
                                            </t>
                                            <t t-if="data.type == 'product'">
                                                <img t-attf-src="theme_alan/static/src/img/snippets/product/as-product-style5.jpg" />
                                            </t>
                                        </h1>
                                        <h1 class="dataPreview s6 d-none">
                                            <t t-if="data.type == 'category'">
                                                <img t-attf-src="theme_alan/static/src/img/snippets/categories/as-categories-style6.jpg" />
                                            </t>
                                            <t t-if="data.type == 'product'">
                                                <img t-attf-src="theme_alan/static/src/img/snippets/product/as-product-style6.jpg" />
                                            </t>
                                        </h1>
                                        <h1 class="dataPreview c1 d-none">
                                            <t t-if="data.type == 'category'">
                                                <img t-attf-src="theme_alan/static/src/img/snippets/categories/as-categories-style1.jpg" />
                                            </t>
                                            <t t-if="data.type == 'product'">
                                                <img t-attf-src="theme_alan/static/src/img/snippets/product/as-product-style1.jpg" />
                                            </t>
                                        </h1>
                                        <h1 class="dataPreview c2 d-none">
                                            <t t-if="data.type == 'category'">
                                                <img t-attf-src="theme_alan/static/src/img/snippets/categories/as-categories-style2.jpg" />
                                            </t>
                                            <t t-if="data.type == 'product'">
                                                <img t-attf-src="theme_alan/static/src/img/snippets/product/as-product-style2.jpg" />
                                            </t>
                                        </h1>
                                        <h1 class="dataPreview c3 d-none">
                                           <t t-if="data.type == 'category'">
                                                <img t-attf-src="theme_alan/static/src/img/snippets/categories/as-categories-style3.jpg" />
                                            </t>
                                            <t t-if="data.type == 'product'">
                                                <img t-attf-src="theme_alan/static/src/img/snippets/product/as-product-style3.jpg" />
                                            </t>
                                        </h1>
                                        <h1 class="dataPreview c4 d-none">
                                           <t t-if="data.type == 'category'">
                                                <img t-attf-src="theme_alan/static/src/img/snippets/categories/as-categories-style4.jpg" />
                                            </t>
                                            <t t-if="data.type == 'product'">
                                                <img t-attf-src="theme_alan/static/src/img/snippets/product/as-product-style4.jpg" />
                                            </t>
                                        </h1>
                                        <h1 class="dataPreview c5 d-none">
                                           <t t-if="data.type == 'category'">
                                                <img t-attf-src="theme_alan/static/src/img/snippets/categories/as-categories-style5.jpg" />
                                            </t>
                                            <t t-if="data.type == 'product'">
                                                <img t-attf-src="theme_alan/static/src/img/snippets/product/as-product-style5.jpg" />
                                            </t>
                                        </h1>
                                        <h1 class="dataPreview c6 d-none">
                                           <t t-if="data.type == 'category'">
                                                <img t-attf-src="theme_alan/static/src/img/snippets/categories/as-categories-style6.jpg" />
                                            </t>
                                            <t t-if="data.type == 'product'">
                                                <img t-attf-src="theme_alan/static/src/img/snippets/product/as-product-style6.jpg" />
                                            </t>
                                        </h1>
                                    </div>
                                </div>
                            </div>
                        </div>
                    </div>
                </div>
            </div>
            <div class="as-edit-popup-footer">
                <button class="as-edit-btn as-edit-btn-primary as-save-dialog">Save</button>
                <button class="as-edit-btn as-edit-btn-secondary as-close-dialog">Close</button>
            </div>
        </div>
    </t>
</templates>