<?xml version="1.0" encoding="UTF-8"?>
<templates>
	<!-- Products of category slider -->
	<t t-name="theme_alan.dialog_categ_grid_modal">
        <div>
            <div class="as-edit-popup-header">
                <h1>Category Grid Snippet</h1>
            </div>
            <div class="as-edit-popup-body">
                <ul class="nav nav-tabs" id="as_cat_edit_popup" role="tablist">
                    <li class="nav-item" role="presentation">
                        <a class="nav-link active" id="as_cat_edit_selection_tab" data-toggle="tab" href="#as_cat_edit_selection" role="tab" aria-controls="as_cat_edit_selection" aria-selected="true">Category &amp; Product Selection</a>
                    </li>
                    <li class="nav-item" role="presentation">
                        <a class="nav-link" id="as_cat_edit_ui-tab" data-toggle="tab" href="#as_cat_edit_ui" role="tab" aria-controls="as_cat_edit_ui" aria-selected="false">UI Design</a>
                    </li>
                </ul>
                <div class="tab-content" id="as_cat_edit_popupContent">
                    <div class="tab-pane fade show active" id="as_cat_edit_selection" role="tabpanel" aria-labelledby="as_cat_edit_selection_tab">
                        <!-- <div class="col-lg-6">
                            <div class="w-100"/>
                        </div> -->
                        <div>
	                        <button class="as-edit-btn as-edit-btn-gray mb-4" id="add-btn-cat"><i class="fa fa-plus"></i> Add Category</button>
	                        <div class="as-cat-grid-select-list-view as-ui-sortable"/>
	                    </div>
                    </div>
                    <!-- <div class="col-lg-6">
                        <div class="w-100"/>
                    </div> -->
                    <div class="tab-pane fade" id="as_cat_edit_ui" role="tabpanel" aria-labelledby="as_cat_edit_ui-tab">
                        <div class="as-edit-layout-tabs">
                            <div class="row">
                                <div class="col-lg-6">

                                    <div class="as-edit-layout-box">
							            <h6 class="as-edit-sub-label">Select Layout</h6>
							            <div class="as-edit-layout-box-in">
							                <div class="custom-control custom-radio">
							                    <input class="custom-control-input pre_select" type="radio" name="layoutStyle" id="style1" value="style1" checked="checked"/>
							                    <label class="custom-control-label" for="style1">
							                        Layout Style 1
							                    </label>
							                </div>
							                <div class="custom-control custom-radio">
							                    <input class="custom-control-input pre_select" type="radio" name="layoutStyle" id="style2" value="style2" />
							                    <label class="custom-control-label" for="style2">
							                        Layout Style 2
							                    </label>
							                </div>
							            </div>
							        </div>

                                    <div class="as-edit-layout-box">
                                        <h6 class="as-edit-sub-label">Columns</h6>
                                        <div class="as-edit-layout-box-in as-edit-col-list">
                                            <div class="custom-control custom-checkbox">
                                                <input type="radio" name="dataCount" id="val1" value="1" class="custom-control-input" checked="checked"/>
                                                <label class="custom-control-label" for="val1">1</label>
                                            </div>
                                            <div class="custom-control custom-checkbox">
                                                <input type="radio" name="dataCount" id="val2" value="2" class="custom-control-input"/>
                                                <label class="custom-control-label" for="val2">2</label>
                                            </div>
                                            <div class="custom-control custom-checkbox">
                                                <input type="radio" name="dataCount" id="val3" value="3" class="custom-control-input"/>
                                                <label class="custom-control-label" for="val3">3</label>
                                            </div>
                                            <div class="custom-control custom-checkbox">
                                                <input type="radio" name="dataCount" id="val4" value="4" class="custom-control-input"/>
                                                <label class="custom-control-label" for="val4">4</label>
                                            </div>
                                        </div>
                                    </div>

                                    <!-- Template for slider option -->
                                    <!-- <t t-call="theme_alan.slider_options_template"/>

                                    <div class="custom-control custom-checkbox">
                                        <input class="custom-control-input" type="checkbox" name="infinity" id="infinity" value="infinity" />
                                        <label class="custom-control-label" for="infinity">
                                            <i class="fa fa-refresh"></i> Infinity Slider
                                        </label>
                                    </div> -->

                                    <!-- <div class="as-edit-layout-box">
                                        <h6 class="as-edit-sub-label">Total Products in a slide</h6>
                                        <div class="as-edit-layout-box-in as-edit-col-list">
                                            <div class="custom-control custom-checkbox">
                                                <input type="radio" name="prodCount" id="res1" value="1" class="custom-control-input" checked="checked"/>
                                                <label class="custom-control-label" for="res1">1</label>
                                            </div>
                                            <div class="custom-control custom-checkbox">
                                                <input type="radio" name="prodCount" id="res2" value="2" class="custom-control-input"/>
                                                <label class="custom-control-label" for="res2">2</label>
                                            </div>
                                            <div class="custom-control custom-checkbox">
                                                <input type="radio" name="prodCount" id="res3" value="3" class="custom-control-input"/>
                                                <label class="custom-control-label" for="res3">3</label>
                                            </div>
                                            <div class="custom-control custom-checkbox">
                                                <input type="radio" name="prodCount" id="res4" value="4" class="custom-control-input"/>
                                                <label class="custom-control-label" for="res4">4</label>
                                            </div>
                                            <div class="custom-control custom-checkbox">
                                                <input type="radio" name="prodCount" id="res5" value="5" class="custom-control-input"/>
                                                <label class="custom-control-label" for="res5">5</label>
                                            </div>
                                            <div class="custom-control custom-checkbox">
                                                <input type="radio" name="prodCount" id="res6" value="6" class="custom-control-input"/>
                                                <label class="custom-control-label" for="res6">6</label>
                                            </div>
                                        </div>
                                    </div> -->

                                </div>
                                <div class="col-lg-6">
                                    <div class="as-edit-layout-preview">
                                        <h1 class="dataPreview s1">
                                            <img t-attf-src="theme_alan/static/src/img/snippets/categories/as-thumb-product-grid-1.jpg" />
                                        </h1>
                                        <h1 class="dataPreview s2 d-none">
                                            <img t-attf-src="theme_alan/static/src/img/snippets/categories/as-thumb-product-grid-2.jpg" />
                                        </h1>
                                    </div>
                                </div>
                            </div>
                        </div>
                    </div>
                </div>
            </div>
            <div class="as-edit-popup-footer">
                <button class="as-edit-btn as-edit-btn-primary as-save-dialog">Save</button>
                <button class="as-edit-btn as-edit-btn-secondary as-close-dialog">Close</button>
            </div>
        </div>
    </t>
</templates>