<?xml version="1.0" encoding="utf-8"?>
<templates>
    <!-- Product Offer Snippet Configuration  -->
    <t t-name="theme_alan.hotspot_static_modal">
        <div class="container">
            <div t-attf-class="{{data.theme}} as-hotspot-modal-body #{(data.title or data.description or data.btn_txt) ? 'as-hotspot-modal-content' : 'as-hotspot-modal-img'}">
                <button type="button" t-attf-class="#{(data.title or data.description or data.btn_txt) ? 'close as_close' : 'd-none'}" aria-label="Close">
                    <span/>
                </button>
                <div class="row">
                    <div t-attf-class="#{(data.title or data.description or data.btn_txt) ? 'col-lg-8' : 'col-12'}">
                        <div class="as-hotspot-img-alone">
                            <button type="button" class="close as_close" aria-label="Close">
                                <span/>
                            </button>
                            <img t-att-src="data.img_url"/>
                        </div>
                    </div>
                    <div t-if="data.title or data.description or data.btn_txt" class="col-lg-4">
                        <h5 class="hp-title" t-esc="data.title"/>
                        <p class="hp-description" t-esc="data.description"/>
                        <t t-if="data.btn_txt">
                            <a class="btn as-btn btn-primary" t-att-href="data.btn_url"><t t-esc="data.btn_txt"/></a>
                        </t>
                    </div>
                </div>
            </div>
        </div>
    </t>

</templates>