<?xml version="1.0" encoding="utf-8"?>
<templates>
    <!-- Product Offer Snippet Configuration  -->
    <t t-name="theme_alan.dialog_offer_slider_modal">
        <div>
            <div class="as-edit-popup-header">
                <h1>Multi Product Offer Snippet</h1>
            </div>
            <div class="as-edit-popup-body">
                <ul class="nav nav-tabs" id="as_product_edit_popup" role="tablist">
                    <li class="nav-item" role="presentation">
                        <a class="nav-link active" id="as_product_edit_selection_tab" data-toggle="tab" href="#as_product_edit_selection" role="tab" aria-controls="as_product_edit_selection" aria-selected="true">Product Selection</a>
                    </li>
                    <li class="nav-item" role="presentation">
                        <a class="nav-link" id="as_product_edit_ui-tab" data-toggle="tab" href="#as_product_edit_ui" role="tab" aria-controls="as_product_edit_ui" aria-selected="false">UI Design</a>
                    </li>
                </ul>
                <div class="tab-content" id="as_product_edit_popupContent">
                    <div class="tab-pane fade show active" id="as_product_edit_selection" role="tabpanel" aria-labelledby="as_product_edit_selection_tab">
                        <!-- <div class="col-lg-6">
                            <div class="w-100"/>
                        </div> -->
                        <button class="as-edit-btn as-edit-btn-gray mb-4" id="as-btn-prodOffer"><i class="fa fa-plus"></i> Add Product</button>
                        <div class="as-product-select-list-view as-ui-sortable"/>
                    </div>
                    <!-- <div class="col-lg-6">
                        <div class="w-100"/>
                    </div> -->
                    <div class="tab-pane fade" id="as_product_edit_ui" role="tabpanel" aria-labelledby="as_product_edit_ui-tab">
                        <div class="row as-edit-layout-tabs">
                            <div class="col-lg-6">

                                <!-- Template for main layout option -->
                                <div class="as-edit-layout-box ui_option">
                                    <h6 class="as-edit-sub-label">Slider / Column</h6>
                                    <div class="as-edit-layout-box-in">
                                        <div class="custom-control custom-radio">
                                            <input class="custom-control-input pre_select" type="radio" name="snippetView" id="slider" value="slider" checked="checked"/>
                                            <label class="custom-control-label" for="slider">
                                                Slider
                                            </label>
                                        </div>
                                        <div class="custom-control custom-radio">
                                            <input class="custom-control-input pre_select" type="radio" name="snippetView" id="column" value="column" />
                                            <label class="custom-control-label" for="column">
                                                Column
                                            </label>
                                        </div>
                                    </div>
                                </div>

                                <!-- Template for image position option -->
                                <t t-call="theme_alan.image_position_option_template"/>

                                <!-- Template for slider pagination option -->
                                <t t-call="theme_alan.slider_pagination_option_template"/>

                                <!-- Template for slider option -->
                                <t t-call="theme_alan.slider_options_template"/>

                                <div class="as-edit-layout-box">
                                    <h6 class="as-edit-sub-label">Columns</h6>
                                    <div class="as-edit-layout-box-in as-edit-col-list">
                                        <div class="custom-control custom-checkbox">
                                            <input type="radio" name="dataCount" id="val1" value="1" class="custom-control-input" checked="checked"/>
                                            <label class="custom-control-label" for="val1">1</label>
                                        </div>
                                        <div class="custom-control custom-checkbox">
                                            <input type="radio" name="dataCount" id="val2" value="2" class="custom-control-input"/>
                                            <label class="custom-control-label" for="val2">2</label>
                                        </div>
                                        <!-- <div class="custom-control custom-checkbox">
                                            <input type="radio" name="dataCount" id="val3" value="3" class="custom-control-input"/>
                                            <label class="custom-control-label" for="val3">3</label>
                                        </div> -->
                                    </div>
                                </div>

                                <!-- Template for quick options -->
                                <t t-call="theme_alan.quick_options_template"/>

                            </div>
                            <div class="col-lg-6">
                                <div class="py-5 border w-100">
                                    <h1 class="imgPreview left">
                                        <img t-attf-src="theme_alan/static/src/img/snippets_thumbs/product-offer-slider-left.jpg" />
                                    </h1>
                                    <h1 class="imgPreview right d-none">
                                        <img t-attf-src="theme_alan/static/src/img/snippets_thumbs/product-offer-slider-right.jpg" />
                                    </h1>
                                </div>
                            </div>
                        </div>
                    </div>
                    <!-- <script type="text/javascript">
                        $(function () {
                            $('#timepicker').datetimepicker({
                                widgetParent: 'body',
                                minDate: new Date(),
                            });
                        });
                    </script> -->
                </div>
            </div>
            <div class="as-edit-popup-footer">
                <button class="as-edit-btn as-edit-btn-primary as-save-dialog">Save</button>
                <button class="as-edit-btn as-edit-btn-secondary as-close-dialog">Close</button>
            </div>
        </div>
    </t>

    <t t-name="theme_alan.dialog_timer_modal">
        <div>
            <div class="as-edit-popup-header">
                <h1>Set Time Configuration</h1>
            </div>
            <div class="as-edit-popup-body">
                <div>
                    <input type="hidden" name="perent_id" id="perent_id" t-att-value="data.perent_id" />
                </div>
                <div class="row align-items-center form-group m_tab_collection_container">
                    <label for="p_offer_timer" class="col-sm-2 m-0 form-label font-weight-bold">Date and Time: </label>
                    <div class="col-sm-5">
                        <div class="input-group date" id="timepicker" data-target-input="nearest">
                            <input type="text" class="form-control datetimepicker-input" data-target="#timepicker" id="offerTime" name="offerTime" />
                            <div class="input-group-append" data-target="#timepicker" data-toggle="datetimepicker">
                                <div class="input-group-text"><i class="fa fa-calendar"></i></div>
                            </div>
                        </div>
                    </div>
                </div>
                <script type="text/javascript">
                    $(function () {
                        $('#timepicker').datetimepicker({
                            widgetParent: 'body',
                            minDate: new Date(),
                        });
                    });
                </script>
            </div>
            <div class="as-edit-popup-footer">
                <button class="as-edit-btn as-edit-btn-primary as-save-timer">Save</button>
                <button class="as-edit-btn as-edit-btn-secondary as-close-dialog">Close</button>
            </div>
        </div>
    </t>
</templates>