<?xml version="1.0" encoding="utf-8"?>
<templates>
    <!-- Product Banner Snippet Configuration  -->
    <t t-name="theme_alan.dialog_product_banner_modal">
        <div>
            <div class="as-edit-popup-header">
                <h1>Product Banner Slider Snippet</h1>
            </div>
            <div class="as-edit-popup-body">
                <ul class="nav nav-tabs" id="as_product_edit_popup" role="tablist">
                    <li class="nav-item" role="presentation">
                        <a class="nav-link active" id="as_product_edit_selection_tab" data-toggle="tab" href="#as_product_edit_selection" role="tab" aria-controls="as_product_edit_selection" aria-selected="true">Product Selection</a>
                    </li>
                    <li class="nav-item" role="presentation">
                        <a class="nav-link" id="as_product_edit_ui-tab" data-toggle="tab" href="#as_product_edit_ui" role="tab" aria-controls="as_product_edit_ui" aria-selected="false">UI Design</a>
                    </li>
                </ul>
                <div class="tab-content" id="as_product_edit_popupContent">
                    <div class="tab-pane fade show active" id="as_product_edit_selection" role="tabpanel" aria-labelledby="as_product_edit_selection_tab">
                        <!-- <div class="col-lg-6">
                            <div class="w-100"/>
                        </div> -->
                        <button class="as-edit-btn as-edit-btn-gray mb-4" id="add-btn-product"><i class="fa fa-plus"></i> Add Product</button>
                        <div class="as-product-select-list-view as-ui-sortable"/>
                    </div>
                    <!-- <div class="col-lg-6">
                        <div class="w-100"/>
                    </div> -->
                    <div class="tab-pane fade" id="as_product_edit_ui" role="tabpanel" aria-labelledby="as_product_edit_ui-tab">
                        <div class="as-edit-layout-tabs">
                            <div class="row">
                                <div class="col-lg-6">

                                    <!-- Option for default slider layout -->
                                    <div class="custom-control custom-radio d-none">
                                        <input class="custom-control-input pre_select" type="radio" name="snippetView" id="slider" value="slider" checked="checked"/>
                                        <label class="custom-control-label" for="slider">
                                            Slider
                                        </label>
                                    </div>

                                    <!-- Template for image position option -->
                                    <t t-call="theme_alan.image_position_option_template"/>

                                    <!-- Template for slider pagination option -->
                                    <t t-call="theme_alan.slider_pagination_option_template"/>

                                    <!-- Template for slider option -->
                                    <t t-call="theme_alan.slider_options_template"/>

                                    <!-- Template for quick options -->
                                    <t t-call="theme_alan.quick_options_template"/>

                                </div>
                                <div class="col-lg-6">
                                    <div class="py-5 border w-100">
                                        <h1 class="imgPreview left">
                                            <img t-attf-src="theme_alan/static/src/img/snippets_thumbs/as-product-banner-style-left.jpg" />
                                        </h1>
                                        <h1 class="imgPreview right d-none">
                                            <img t-attf-src="theme_alan/static/src/img/snippets_thumbs/as-product-banner-style-right.jpg" />
                                        </h1>
                                    </div>
                                </div>
                            </div>
                        </div>
                    </div>
                </div>
            </div>
            <div class="as-edit-popup-footer">
                <button class="as-edit-btn as-edit-btn-primary as-save-dialog">Save</button>
                <button class="as-edit-btn as-edit-btn-secondary as-close-dialog">Close</button>
            </div>
        </div>
    </t>
</templates>