<?xml version="1.0" encoding="utf-8"?>
<templates>
    <!-- Product Offer Snippet Configuration  -->
    <t t-name="theme_alan.dialog_product_offer_modal">
        <div>
            <div class="as-edit-popup-header">
                <h1>Single Product Offer Snippet</h1>
            </div>
            <div class="as-edit-popup-body">
                <ul class="nav nav-tabs" id="as_product_edit_popup" role="tablist">
                    <li class="nav-item" role="presentation">
                        <a class="nav-link active" id="as_product_edit_selection_tab" data-toggle="tab" href="#as_product_edit_selection" role="tab" aria-controls="as_product_edit_selection" aria-selected="true">Product Selection</a>
                    </li>
                    <li class="nav-item" role="presentation">
                        <a class="nav-link" id="as_product_edit_ui-tab" data-toggle="tab" href="#as_product_edit_ui" role="tab" aria-controls="as_product_edit_ui" aria-selected="false">UI Design</a>
                    </li>
                </ul>
                <div class="tab-content" id="as_product_edit_popupContent">
                    <div class="tab-pane fade show active" id="as_product_edit_selection" role="tabpanel" aria-labelledby="as_product_edit_selection_tab">
                        <!-- <div class="col-lg-6">
                            <div class="w-100"/>
                        </div> -->
                        <button class="as-edit-btn as-edit-btn-gray mb-4" id="add-btn-product-offer"><i class="fa fa-plus"></i> Add Product</button>
                        <div class="as-product-select-list-view as-ui-sortable as-ui-sortable-100 mb-4"/>
                        <div class="row align-items-center form-group m_tab_collection_container">
                            <label for="p_offer_timer" class="col-sm-2 m-0 form-label font-weight-bold">Date and Time: </label>
                            <div class="col-sm-5">
                                <div class="input-group date" id="timepicker" data-target-input="nearest">
                                    <input type="text" class="form-control datetimepicker-input" data-target="#timepicker" id="offerTime" name="offerTime" />
                                    <div class="input-group-append" data-target="#timepicker" data-toggle="datetimepicker">
                                        <div class="input-group-text"><i class="fa fa-calendar"></i></div>
                                    </div>
                                </div>
                            </div>
                        </div>
                    </div>
                    <!-- <div class="col-lg-6">
                        <div class="w-100"/>
                    </div> -->
                    <div class="tab-pane fade" id="as_product_edit_ui" role="tabpanel" aria-labelledby="as_product_edit_ui-tab">
                        <div class="row as-edit-layout-tabs">
                            <div class="col-lg-6">

                                <!-- Template for image position option -->
                                <t t-call="theme_alan.image_position_option_template"/>

                                <!-- Template for quick options -->
                                <t t-call="theme_alan.quick_options_template"/>

                            </div>
                            <div class="col-lg-6">
                                <div class="py-5 border w-100">
                                    <h1 class="imgPreview left">
                                        <img t-attf-src="theme_alan/static/src/img/snippets_thumbs/as-product-offer-style-left.jpg" />
                                    </h1>
                                    <h1 class="imgPreview right d-none">
                                        <img t-attf-src="theme_alan/static/src/img/snippets_thumbs/as-product-offer-style-right.jpg" />
                                    </h1>
                                </div>
                            </div>
                        </div>
                    </div>
                    <script type="text/javascript">
                        $(function () {
                            $('#timepicker').datetimepicker({
                                widgetParent: 'body',
                                minDate: new Date(),
                            });
                        });
                    </script>
                </div>
            </div>
            <div class="as-edit-popup-footer">
                <button class="as-edit-btn as-edit-btn-primary as-save-dialog">Save</button>
                <button class="as-edit-btn as-edit-btn-secondary as-close-dialog">Close</button>
            </div>
        </div>
    </t>

    <t t-name="theme_alan.dialog_offer_banner_modal">
        <div>
            <div class="as-edit-popup-header">
                <h1>Set Time Configuration</h1>
            </div>
            <div class="as-edit-popup-body">
                <div class="as-product-select-list-view as-ui-sortable as-ui-sortable-100 mb-4"/>
                <div class="row align-items-center form-group m_tab_collection_container">
                    <label for="p_offer_timer" class="col-sm-2 m-0 form-label font-weight-bold">Date and Time: </label>
                    <div class="col-sm-5">
                        <div class="input-group date" id="timepicker" data-target-input="nearest">
                            <input type="text" class="form-control datetimepicker-input" data-target="#timepicker" id="offerTime" name="offerTime" />
                            <div class="input-group-append" data-target="#timepicker" data-toggle="datetimepicker">
                                <div class="input-group-text"><i class="fa fa-calendar"></i></div>
                            </div>
                        </div>
                    </div>
                </div>
                <script type="text/javascript">
                    $(function () {
                        $('#timepicker').datetimepicker({
                            widgetParent: 'body',
                            minDate: new Date(),
                        });
                    });
                </script>
            </div>
            <div class="as-edit-popup-footer">
                <button class="as-edit-btn as-edit-btn-primary as-save-dialog">Save</button>
                <button class="as-edit-btn as-edit-btn-secondary as-close-dialog">Close</button>
            </div>
        </div>
    </t>
</templates>