<?xml version="1.0" encoding="utf-8"?>
<templates>
    <!-- Product Snippet Configuration  -->
    <t t-name="theme_alan.dialog_product_modal">
        <div>
            <div class="as-edit-popup-header">
                <t t-if="data.type == 'product'">
                    <h1>Product Snippet</h1>
                </t>
                <t t-elif="data.type == 'prod_variant'">
                    <h1>Product Variant Snippet</h1>
                </t>
                <t t-elif="data.type == 'best_product'">
                    <h1>Best Seller Product Snippet</h1>
                </t>
                <t t-elif="data.type == 'latest_product'">
                    <h1>Latest Product Snippet</h1>
                </t>
            </div>
            <div class="as-edit-popup-body">
                <ul class="nav nav-tabs" id="as_product_edit_popup" role="tablist">
                    <t t-if="data.type == 'product' || data.type == 'prod_variant'">
                        <li class="nav-item" role="presentation">
                            <a class="nav-link active" id="as_product_edit_selection_tab" data-toggle="tab" href="#as_product_edit_selection" role="tab" aria-controls="as_product_edit_selection" aria-selected="true">Product Selection</a>
                        </li>
                    </t>
                    <t t-else=""></t>
                    <li class="nav-item" role="presentation">
                        <a t-attf-class="nav-link #{data.type == 'best_product' || data.type == 'latest_product' ? 'active' : ''}" id="as_product_edit_ui-tab" data-toggle="tab" href="#as_product_edit_ui" role="tab" aria-controls="as_product_edit_ui" aria-selected="false">UI Design</a>
                    </li>
                </ul>
                <div class="tab-content" id="as_product_edit_popupContent">
                    <t t-if="data.type == 'product' || data.type == 'prod_variant'">
                        <div class="tab-pane fade show active" id="as_product_edit_selection" role="tabpanel" aria-labelledby="as_product_edit_selection_tab">
                            <!-- <div class="col-lg-6">
                                <div class="w-100"/>
                            </div> -->
                            <button class="as-edit-btn as-edit-btn-gray mb-4" t-attf-id="add-btn-{{data.type}}"><i class="fa fa-plus"></i> Add Product</button>
                            <div class="as-product-select-list-view as-ui-sortable"/>
                        </div>
                        <!-- <div class="col-lg-6">
                            <div class="w-100"/>
                        </div> -->
                    </t>
                    <t t-else=""></t>
                    <div t-attf-class="tab-pane fade #{data.type == 'best_product' || data.type == 'latest_product' ? 'show active' : ''}" id="as_product_edit_ui" role="tabpanel" aria-labelledby="as_product_edit_ui-tab">
                        <div class="as-edit-layout-tabs">
                            <div class="row">
                                <div class="col-lg-6">

                                    <!-- Template for main layout option -->
                                    <t t-call="theme_alan.main_layout_option_template"/>

                                    <!-- Template for slider pagination option -->
                                    <t t-call="theme_alan.slider_pagination_option_template"/>

                                    <t t-if="data.type == 'best_product' || data.type == 'latest_product'">
                                        <div class="as-edit-layout-box">
                                            <h6 class="as-edit-sub-label">Number of Products</h6>
                                            <div class="as-edit-layout-box-in">
                                                <input type="number" name="totalCount" class="form-control prod-count" style="width: 80px;" min="1" default="1"/>
                                            </div>
                                        </div>
                                    </t>

                                    <!-- Template for slider option -->
                                    <t t-call="theme_alan.slider_options_template"/>

                                    <!-- Template for column layout option -->
                                    <t t-call="theme_alan.column_layout_options_template"/>

                                    <!-- Template for quick options -->
                                    <t t-call="theme_alan.quick_options_template"/>

                                </div>
                                <div class="col-lg-6">
                                    <div class="as-edit-layout-preview">
                                        <h1 class="dataPreview s1">
                                            <img t-attf-src="theme_alan/static/src/img/snippets/product/as-product-style1.jpg" />
                                        </h1>
                                        <h1 class="dataPreview s2 d-none">
                                            <img t-attf-src="theme_alan/static/src/img/snippets/product/as-product-style2.jpg" />
                                        </h1>
                                        <h1 class="dataPreview s3 d-none">
                                            <img t-attf-src="theme_alan/static/src/img/snippets/product/as-product-style3.jpg" />
                                        </h1>
                                        <h1 class="dataPreview s4 d-none">
                                            <img t-attf-src="theme_alan/static/src/img/snippets/product/as-product-style4.jpg" />
                                        </h1>
                                        <h1 class="dataPreview s5 d-none">
                                            <img t-attf-src="theme_alan/static/src/img/snippets/product/as-product-style5.jpg" />
                                        </h1>
                                        <h1 class="dataPreview s6 d-none">
                                            <img t-attf-src="theme_alan/static/src/img/snippets/product/as-product-style6.jpg" />
                                        </h1>
                                        <h1 class="dataPreview c1 d-none">
                                            <img t-attf-src="theme_alan/static/src/img/snippets/product/as-product-style1.jpg" />
                                        </h1>
                                        <h1 class="dataPreview c2 d-none">
                                            <img t-attf-src="theme_alan/static/src/img/snippets/product/as-product-style2.jpg" />
                                        </h1>
                                        <h1 class="dataPreview c3 d-none">
                                            <img t-attf-src="theme_alan/static/src/img/snippets/product/as-product-style3.jpg" />
                                        </h1>
                                        <h1 class="dataPreview c4 d-none">
                                            <img t-attf-src="theme_alan/static/src/img/snippets/product/as-product-style4.jpg" />
                                        </h1>
                                        <h1 class="dataPreview c5 d-none">
                                            <img t-attf-src="theme_alan/static/src/img/snippets/product/as-product-style5.jpg" />
                                        </h1>
                                        <h1 class="dataPreview c6 d-none">
                                            <img t-attf-src="theme_alan/static/src/img/snippets/product/as-product-style6.jpg" />
                                        </h1>
                                    </div>
                                </div>
                            </div>
                        </div>
                    </div>
                </div>
            </div>
            <div class="as-edit-popup-footer">
                <button class="as-edit-btn as-edit-btn-primary as-save-dialog">Save</button>
                <button class="as-edit-btn as-edit-btn-secondary as-close-dialog">Close</button>
            </div>
        </div>
    </t>
</templates>