<?xml version="1.0" encoding="utf-8"?>
<odoo>
    <record id="menu_bookings" model="website.menu">
        <field name="name">Bookings</field>
        <field name="url">/bookings</field>
<!--        <field name="page_id" ref="website.features_page"/>-->
        <field name="parent_id" ref="website.main_menu"/>
        <field name="sequence" type="int">10</field>
    </record>

    <record id="menu_subscriptions" model="website.menu">
        <field name="name">Subscriptions</field>
        <field name="url">/my/subscriptions</field>
<!--        <field name="page_id" ref="website.features_page"/>-->
        <field name="parent_id" ref="website.main_menu"/>
        <field name="sequence" type="int">11</field>
    </record>

    <record id="menu_events" model="website.menu">
        <field name="name">Events</field>
        <field name="url">/my/events</field>
<!--        <field name="page_id" ref="website.contactus_page"/>-->
        <field name="parent_id" ref="website.main_menu"/>
        <field name="sequence" type="int">12</field>
    </record>
</odoo>
