<?xml version='1.0' encoding='utf-8'?>
<odoo>
    <data noupdate="1">
        <record id="stage_assessment" model="badminto.assessment.stage">
            <field name="name">Assessment</field>
        </record>
    </data>
    <data noupdate="1">
        <record id="stage_assigned" model="badminto.assessment.stage">
            <field name="name">Assigned</field>
        </record>
    </data>
    <data noupdate="1">
        <record id="stage_in_progress" model="badminto.assessment.stage">
            <field name="name">In Progress</field>
        </record>
    </data>
    <data noupdate="1">
        <record id="stage_done" model="badminto.assessment.stage">
            <field name="name">Done</field>
        </record>
    </data>
    <data noupdate="1">
        <record id="stage_cancel" model="badminto.assessment.stage">
            <field name="name">Cancel</field>
        </record>
    </data>
</odoo>