<?xml version="1.0" encoding="utf-8"?>
<odoo>

    <record id="theme_alan.alan_variables_scss" model="ir.asset">
        <field name="key">theme_alan.alan_variables_scss</field>
        <field name="name">Alan Variables SCSS</field>
        <field name="bundle">web.assets_frontend</field>
        <field name="active" eval="True"/>
        <field name="sequence">1</field>
        <field name="path">theme_alan/static/src/scss/variables.scss</field>
    </record>
    <!-- Shop Layouts : START -->
    <record id="theme_alan.alan_shop_layout1_000_scss" model="ir.asset">
        <field name="key">theme_alan.alan_shop_layout1_scss</field>
        <field name="name">Alan Shop Layout 1 SCSS</field>
        <field name="active" eval="True"/>
        <field name="bundle">web.assets_frontend</field>
        <field name="sequence">22</field>
        <field name="path">theme_alan/static/src/scss/shop/shop-1.scss</field>
    </record>

    <record id="theme_alan.alan_shop_layout2_000_scss" model="ir.asset">
        <field name="key">theme_alan.alan_shop_layout2_scss</field>
        <field name="name">Alan Shop Layout 2 SCSS</field>
        <field name="active" eval="True"/>
        <field name="bundle">web.assets_frontend</field>
        <field name="sequence">22</field>
        <field name="path">theme_alan/static/src/scss/shop/shop-2.scss</field>
    </record>

    <record id="theme_alan.alan_shop_layout3_000_scss" model="ir.asset">
        <field name="key">theme_alan.alan_shop_layout3_scss</field>
        <field name="name">Alan Shop Layout 3 SCSS</field>
        <field name="active" eval="True"/>
        <field name="bundle">web.assets_frontend</field>
        <field name="sequence">22</field>
        <field name="path">theme_alan/static/src/scss/shop/shop-3.scss</field>
    </record>

    <record id="theme_alan.alan_shop_layout4_000_scss" model="ir.asset">
        <field name="key">theme_alan.alan_shop_layout1_scss</field>
        <field name="name">Alan Shop Layout 4 SCSS</field>
        <field name="bundle">web.assets_frontend</field>
        <field name="active" eval="True"/>
        <field name="sequence">22</field>
        <field name="path">theme_alan/static/src/scss/shop/shop-4.scss</field>
    </record>

    <record id="theme_alan.alan_shop_layout5_000_scss" model="ir.asset">
        <field name="key">theme_alan.alan_shop_layout1_scss</field>
        <field name="name">Alan Shop Layout 5 SCSS</field>
        <field name="bundle">web.assets_frontend</field>
        <field name="active" eval="True"/>
        <field name="sequence">22</field>
        <field name="path">theme_alan/static/src/scss/shop/shop-5.scss</field>
    </record>

    <record id="theme_alan.alan_shop_layout6_000_scss" model="ir.asset">
        <field name="key">theme_alan.alan_shop_layout1_scss</field>
        <field name="name">Alan Shop Layout 6 SCSS</field>
        <field name="bundle">web.assets_frontend</field>
        <field name="active" eval="True"/>
        <field name="sequence">22</field>
        <field name="path">theme_alan/static/src/scss/shop/shop-6.scss</field>
    </record>
    <!-- Shop Layouts : END-->

    <!-- Header : START -->
    <record id="theme_alan.alan_header_layout1_scss" model="ir.asset">
        <field name="key">theme_alan.alan_header_layout1_scss</field>
        <field name="name">Alan Header Layout 1 SCSS</field>
        <field name="bundle">web.assets_frontend</field>
        <field name="active" eval="True"/>
        <field name="sequence">22</field>
        <field name="path">theme_alan/static/src/scss/headers/header1.scss</field>
    </record>
    <record id="theme_alan.alan_header_layout2_scss" model="ir.asset">
        <field name="key">theme_alan.alan_header_layout2_scss</field>
        <field name="name">Alan Header Layout 2 SCSS</field>
        <field name="bundle">web.assets_frontend</field>
        <field name="active" eval="True"/>
        <field name="sequence">22</field>
        <field name="path">theme_alan/static/src/scss/headers/header2.scss</field>
    </record>
    <record id="theme_alan.alan_header_layout3_scss" model="ir.asset">
        <field name="key">theme_alan.alan_header_layout3_scss</field>
        <field name="name">Alan Header Layout 3 SCSS</field>
        <field name="bundle">web.assets_frontend</field>
        <field name="active" eval="True"/>
        <field name="sequence">22</field>
        <field name="path">theme_alan/static/src/scss/headers/header3.scss</field>
    </record>
    <record id="theme_alan.alan_header_layout4_scss" model="ir.asset">
        <field name="key">theme_alan.alan_header_layout4_scss</field>
        <field name="name">Alan Header Layout 4 SCSS</field>
        <field name="bundle">web.assets_frontend</field>
        <field name="active" eval="True"/>
        <field name="sequence">22</field>
        <field name="path">theme_alan/static/src/scss/headers/header4.scss</field>
    </record>
    <record id="theme_alan.alan_header_layout5_scss" model="ir.asset">
        <field name="key">theme_alan.alan_header_layout5_scss</field>
        <field name="name">Alan Header Layout 5 SCSS</field>
        <field name="bundle">web.assets_frontend</field>
        <field name="active" eval="True"/>
        <field name="sequence">22</field>
        <field name="path">theme_alan/static/src/scss/headers/header5.scss</field>
    </record>
    <record id="theme_alan.alan_header_layout6_scss" model="ir.asset">
        <field name="key">theme_alan.alan_header_layout6_scss</field>
        <field name="name">Alan Header Layout 6 SCSS</field>
        <field name="bundle">web.assets_frontend</field>
        <field name="active" eval="True"/>
        <field name="sequence">22</field>
        <field name="path">theme_alan/static/src/scss/headers/header6.scss</field>
    </record>
    <record id="theme_alan.alan_header_layout7_scss" model="ir.asset">
        <field name="key">theme_alan.alan_header_layout7_scss</field>
        <field name="name">Alan Header Layout 7 SCSS</field>
        <field name="active" eval="True"/>
        <field name="bundle">web.assets_frontend</field>
        <field name="sequence">22</field>
        <field name="path">theme_alan/static/src/scss/headers/header7.scss</field>
    </record>
    <record id="theme_alan.alan_header_layout8_scss" model="ir.asset">
        <field name="key">theme_alan.alan_header_layout8_scss</field>
        <field name="name">Alan Header Layout 8 SCSS</field>
        <field name="bundle">web.assets_frontend</field>
        <field name="sequence">22</field>
        <field name="active" eval="True"/>
        <field name="path">theme_alan/static/src/scss/headers/header8.scss</field>
    </record>
    <record id="theme_alan.alan_header_layout9_scss" model="ir.asset">
        <field name="key">theme_alan.alan_header_layout9_scss</field>
        <field name="name">Alan Header Layout 9 SCSS</field>
        <field name="bundle">web.assets_frontend</field>
        <field name="sequence">22</field>
        <field name="active" eval="True"/>
        <field name="path">theme_alan/static/src/scss/headers/header9.scss</field>
    </record>
    <record id="theme_alan.alan_header_layout10_scss" model="ir.asset">
        <field name="key">theme_alan.alan_header_layout10_scss</field>
        <field name="name">Alan Header Layout 10 SCSS</field>
        <field name="bundle">web.assets_frontend</field>
        <field name="sequence">22</field>
        <field name="active" eval="True"/>
        <field name="path">theme_alan/static/src/scss/headers/header10.scss</field>
    </record>
    <record id="theme_alan.alan_header_layout11_scss" model="ir.asset">
        <field name="key">theme_alan.alan_header_layout11_scss</field>
        <field name="name">Alan Header Layout 11 SCSS</field>
        <field name="bundle">web.assets_frontend</field>
        <field name="sequence">22</field>
        <field name="active" eval="True"/>
        <field name="path">theme_alan/static/src/scss/headers/header11.scss</field>
    </record>
    <record id="theme_alan.alan_header_layout12_scss" model="ir.asset">
        <field name="key">theme_alan.alan_header_layout12_scss</field>
        <field name="name">Alan Header Layout 12 SCSS</field>
        <field name="bundle">web.assets_frontend</field>
        <field name="sequence">22</field>
        <field name="active" eval="True"/>
        <field name="path">theme_alan/static/src/scss/headers/header12.scss</field>
    </record>
    <record id="theme_alan.alan_header_layout13_scss" model="ir.asset">
        <field name="key">theme_alan.alan_header_layout13_scss</field>
        <field name="name">Alan Header Layout 13 SCSS</field>
        <field name="bundle">web.assets_frontend</field>
        <field name="sequence">22</field>
        <field name="active" eval="True"/>
        <field name="path">theme_alan/static/src/scss/headers/header13.scss</field>
    </record>
    <!-- Header : END -->

    <!-- FOOTER : START -->
    <record id="theme_alan.alan_footer_layout1_scss" model="ir.asset">
        <field name="key">theme_alan.alan_footer_layout1_scss</field>
        <field name="name">Alan footer Layout 1 SCSS</field>
        <field name="bundle">web.assets_frontend</field>
        <field name="sequence">22</field>
        <field name="active" eval="True"/>
        <field name="path">theme_alan/static/src/scss/footers/footer1.scss</field>
    </record>
    <record id="theme_alan.alan_footer_layout2_scss" model="ir.asset">
        <field name="key">theme_alan.alan_footer_layout2_scss</field>
        <field name="name">Alan footer Layout 2 SCSS</field>
        <field name="bundle">web.assets_frontend</field>
        <field name="sequence">22</field>
        <field name="active" eval="True"/>
        <field name="path">theme_alan/static/src/scss/footers/footer2.scss</field>
    </record>
    <record id="theme_alan.alan_footer_layout3_scss" model="ir.asset">
        <field name="key">theme_alan.alan_footer_layout3_scss</field>
        <field name="name">Alan footer Layout 3 SCSS</field>
        <field name="bundle">web.assets_frontend</field>
        <field name="sequence">22</field>
        <field name="active" eval="True"/>
        <field name="path">theme_alan/static/src/scss/footers/footer3.scss</field>
    </record>
    <record id="theme_alan.alan_footer_layout4_scss" model="ir.asset">
        <field name="key">theme_alan.alan_footer_layout4_scss</field>
        <field name="name">Alan footer Layout 4 SCSS</field>
        <field name="bundle">web.assets_frontend</field>
        <field name="sequence">22</field>
        <field name="active" eval="True"/>
        <field name="path">theme_alan/static/src/scss/footers/footer4.scss</field>
    </record>
    <record id="theme_alan.alan_footer_layout5_scss" model="ir.asset">
        <field name="key">theme_alan.alan_footer_layout5_scss</field>
        <field name="name">Alan footer Layout 5 SCSS</field>
        <field name="bundle">web.assets_frontend</field>
        <field name="sequence">22</field>
        <field name="active" eval="True"/>
        <field name="path">theme_alan/static/src/scss/footers/footer5.scss</field>
    </record>
    <record id="theme_alan.alan_footer_layout6_scss" model="ir.asset">
        <field name="key">theme_alan.alan_footer_layout6_scss</field>
        <field name="name">Alan footer Layout 6 SCSS</field>
        <field name="bundle">web.assets_frontend</field>
        <field name="sequence">22</field>
        <field name="active" eval="True"/>
        <field name="path">theme_alan/static/src/scss/footers/footer6.scss</field>
    </record>
    <record id="theme_alan.alan_footer_layout7_scss" model="ir.asset">
        <field name="key">theme_alan.alan_footer_layout7_scss</field>
        <field name="name">Alan footer Layout 7 SCSS</field>
        <field name="bundle">web.assets_frontend</field>
        <field name="sequence">22</field>
        <field name="active" eval="True"/>
        <field name="path">theme_alan/static/src/scss/footers/footer7.scss</field>
    </record>
    <record id="theme_alan.alan_footer_layout8_scss" model="ir.asset">
        <field name="key">theme_alan.alan_footer_layout8_scss</field>
        <field name="name">Alan footer Layout 8 SCSS</field>
        <field name="bundle">web.assets_frontend</field>
        <field name="sequence">22</field>
        <field name="active" eval="True"/>
        <field name="path">theme_alan/static/src/scss/footers/footer8.scss</field>
    </record>
    <record id="theme_alan.alan_footer_layout9_scss" model="ir.asset">
        <field name="key">theme_alan.alan_footer_layout9_scss</field>
        <field name="name">Alan footer Layout 9 SCSS</field>
        <field name="bundle">web.assets_frontend</field>
        <field name="sequence">22</field>
        <field name="active" eval="True"/>
        <field name="path">theme_alan/static/src/scss/footers/footer9.scss</field>
    </record>
    <record id="theme_alan.alan_footer_layout10_scss" model="ir.asset">
        <field name="key">theme_alan.alan_footer_layout10_scss</field>
        <field name="name">Alan footer Layout 10 SCSS</field>
        <field name="bundle">web.assets_frontend</field>
        <field name="sequence">22</field>
        <field name="active" eval="True"/>
        <field name="path">theme_alan/static/src/scss/footers/footer10.scss</field>
    </record>
    <record id="theme_alan.alan_footer_layout11_scss" model="ir.asset">
        <field name="key">theme_alan.alan_footer_layout11_scss</field>
        <field name="name">Alan footer Layout 11 SCSS</field>
        <field name="bundle">web.assets_frontend</field>
        <field name="sequence">22</field>
        <field name="active" eval="True"/>
        <field name="path">theme_alan/static/src/scss/footers/footer11.scss</field>
    </record>
    <record id="theme_alan.alan_footer_layout12_scss" model="ir.asset">
        <field name="key">theme_alan.alan_footer_layout12_scss</field>
        <field name="name">Alan footer Layout 12 SCSS</field>
        <field name="bundle">web.assets_frontend</field>
        <field name="sequence">22</field>
        <field name="active" eval="True"/>
        <field name="path">theme_alan/static/src/scss/footers/footer12.scss</field>
    </record>
    <!-- footer : END -->

    <!-- Buttons : START -->
    <record id="theme_alan.alan_buttons_layout_scss" model="ir.asset">
        <field name="key">theme_alan.alan_buttons_layout10_scss</field>
        <field name="name">Alan Button Layout 10 SCSS</field>
        <field name="bundle">web.assets_frontend</field>
        <field name="sequence">22</field>
        <field name="active" eval="True"/>
        <field name="path">theme_alan/static/src/scss/buttons.scss</field>
    </record>
    <!-- Buttons : END -->
</odoo>