<?xml version="1.0" encoding="UTF-8" ?>
<odoo>
    <data noupdate="1">
        <record id ="sports_erp_package" model="product.product">
            <field name="name">Sports ERP Package</field>
            <field name="type">service</field>
            <field name="list_price">100</field>
        </record>
        <record id ="website_subscription_menu" model="website.menu">
            <field name="name">Subscription</field>
            <field name="url">/subscriptions</field>
<!--            <field name="page_id" ref="theme_boec.about_boec_page"/>-->
            <field name="parent_id" ref="website.main_menu"/>
            <field name="sequence"
                   type="int">50</field>
        </record>
    </data>
</odoo>