<?xml version='1.0' encoding='utf-8'?>
<odoo>
        <data>
        <record id="base.model_res_partner" model="ir.model">
            <field name="website_form_key">create_contact_custom</field>
            <field name="website_form_access">True</field>
            <field name="website_form_label">Create a Customer(Organisation)</field>
        </record>
        <function model="ir.model.fields" name="formbuilder_whitelist">
            <value>res.partner</value>
            <value eval="[
                'name', 'email', 'phone'
            ]"/>
        </function>
        <record id="athelete_membership" model="ir.sequence">
            <field name="name">Athlete Membership</field>
            <field name="code">organisation.athletes</field>
<!--            <field name="prefix">MEMPLAN/</field>-->
<!--            <field name="padding">4</field>-->
            <field name="company_id" eval="False"/>
        </record>
    </data>
</odoo>