<?xml version="1.0" encoding="utf-8"?>
<odoo>
    <record id="menu_features" model="website.menu">
        <field name="name">Features</field>
        <field name="url">/features</field>
<!--        <field name="page_id" ref="website.features_page"/>-->
        <field name="parent_id" ref="website.main_menu"/>
        <field name="sequence" type="int">30</field>
    </record>

    <record id="menu_pricing" model="website.menu">
        <field name="name">Pricing</field>
        <field name="url">/pricing</field>
<!--        <field name="page_id" ref="website.contactus_page"/>-->
        <field name="parent_id" ref="website.main_menu"/>
        <field name="sequence" type="int">31</field>
    </record>
</odoo>
