<?xml version="1.0" encoding="UTF-8" ?>
<odoo>
    <data>

<!--        PORTAL HEADER-->
        <template id="user_image" inherit_id="portal.user_dropdown"
                  name="Portal Dropdown Image">
            <xpath expr="//span[@t-if='_user_name']" position="replace">
                <span t-if="user_id.partner_id.image_1920">
                    <img class="paceflow-card-item__profile-image"
                         style="width: 50px; height: 50px;
                                margin-left: 10px; margin-right: 10px;"
                         t-att-src="image_data_uri(user_id.partner_id.image_1920)"/>
                </span>
                <span t-if="not user_id.partner_id.image_1920">
                        <img class="paceflow-card-item__profile-image"
                         style="width: 50px; height: 50px;
                                margin-left: 10px; margin-right: 10px;"
                         src="/paceflow/static/description/images/ui/user.png"/>
                </span>
            </xpath>
        </template>

<!--      CART -->
        <template id="cart_change">
            <t t-set="website_sale_order" t-value="website.sale_get_order()"/>
            <t t-set="show_cart" t-value="true"/>
            <li t-attf-class="#{_item_class} divider d-none"/>
            <div id="top_menu" style="margin-top: 10px;">
            <li t-attf-class="o_wsale_my_cart align-self-md-start #{not show_cart and 'd-none'} #{_item_class}">
                <a href="/shop/cart" t-attf-class="#{_link_class}">
                    <i class="fa fa-shopping-cart nav-link paceflow-nav__link" style="margin-bottom: -60px;"/>
                    <span t-if="_text">My Cart</span>
                    <sup class="my_cart_quantity badge badge-primary"
                         style="margin-bottom: 19px; margin-left: 24px; margin-top: 25px;"
                         t-esc="website_sale_order and website_sale_order.cart_quantity or '0'"
                         t-att-data-order-id="website_sale_order and website_sale_order.id or ''"/>
                </a>
            </li>
            </div>
        </template>

<!--        HEADER -->
        <template id="paceflow_header" inherit_id="website.layout">
            <xpath expr="//header" position="replace">
                <header>
                <div id="paceflow_header">
                <nav class="navbar navbar-expand-lg navbar-dark paceflow-nav">
                    <a class="navbar-brand" href="/">
                        <img src="/paceflow/static/description/images/website/paceflow-logo-invert.png"
                             class="paceflow-nav__logo"
                             width="138.19" height="50"/>
                    </a>
                    <button class="navbar-toggler" type="button"
                            data-toggle="collapse"
                            data-target="#navbarNavAltMarkup"
                            aria-controls="navbarNavAltMarkup"
                            aria-expanded="false"
                            aria-label="Toggle navigation">
                        <span class="navbar-toggler-icon"/>
                    </button>
                    <div class="collapse navbar-collapse"
                         id="navbarNavAltMarkup">
                        <div class="navbar-nav ml-auto mr-2"
                             style="align-items: flex-end;">

<!--                 NAV BAR-->
                            <t t-foreach="website.menu_id.child_id" t-as="submenu">
                                <t t-call="website.submenu">
                                    <t t-set="item_class" t-valuef="nav-item"/>
                                    <t t-set="link_class" t-valuef="nav-link"/>
                                </t>
                            </t>

                            <ul id="top_menu" class="nav navbar-nav text-right">
                                <t t-call="portal.placeholder_user_sign_in">
                                    <t t-set="_item_class"
                                       t-value="'nav-item'"/>
                                    <t t-set="_link_class"
                                       t-value="'nav-link'"/>
                                </t>
                                <t t-call="portal.user_dropdown">
                                    <t t-set="_user_name" t-value="true"/>
                                    <t t-set="_item_class"
                                       t-value="'nav-item dropdown'"/>
                                    <t t-set="_link_class"
                                       t-value="'nav-link'"/>
                                    <t t-set="_dropdown_menu_class"
                                       t-value="'dropdown-menu-right'"/>
                                </t>
                            </ul>
                            <t t-call="paceflow.cart_change"/>
                        </div>
                    </div>
                </nav>
                </div>
                </header>
            </xpath>
        </template>

        <template id="breadcrumbs_remove" inherit_id="portal.portal_layout">
            <xpath expr="//div" position="replace">
            </xpath>
        </template>
    </data>
</odoo>