<?xml version="1.0" encoding="UTF-8"?>
<odoo>
    <data>

        <record id="subscription_plan_rule" model="ir.rule">
            <field name="name">Subscription Plan Rule</field>
            <field name="model_id"
                   ref="subscription_management.model_subscription_plan"/>
            <field name="global" eval="True"/>
            <field name="domain_force">
                [('company_id', 'in', company_ids)]
            </field>
        </record>

        <record id="subscription_contract_rule" model="ir.rule">
            <field name="name">Subscription Contract Rule</field>
            <field name="model_id"
                   ref="subscription_management.model_subscription_contract"/>
            <field name="global" eval="True"/>
            <field name="domain_force">
                [('company_id', 'in', company_ids)]
            </field>
        </record>

        <record model="ir.rule" id="subscription_restricted_company_rule">
            <field name="name">Parents: multi-company</field>
            <field name="model_id"
                   ref="subscription_management.model_subscription_subscription"/>
            <field name="global" eval="True"/>
            <field name="domain_force">[('company_id', '=', company_id)]</field>
        </record>

    </data>
</odoo>