<?xml version="1.0" encoding="UTF-8"?>
<odoo>
    <data>

        <record id="module_paceflow_category" model="ir.module.category">
            <field name="name">Pace-Flow</field>
            <field name="description">Category For Pace-Flow</field>
            <field name="sequence">10</field>
        </record>

        <record id="group_paceflow_coaches" model="res.groups">
            <field name="name">Coach</field>
            <field name="category_id" ref="module_paceflow_category"/>
        </record>

        <record id="group_paceflow_admins" model="res.groups">
            <field name="name">Administrator</field>
            <field name="category_id" ref="module_paceflow_category"/>
        </record>

    </data>
<!--    pace-flow admin rules-->
    <data noupdate="1">
        <record id="assessments_admin_rule" model="ir.rule">
            <field name="name">Assessments Admin Rule</field>
            <field name="model_id" ref="model_assessment_assessment"/>
            <field name="global" eval="True"/>
            <field name="domain_force">[(1,'=',1)]</field>
            <field name="groups" eval="[(4, ref('paceflow.group_paceflow_admins'))]"/>
        </record>
    </data>
    <data noupdate="1">
        <record id="assessment_tags_admin_rule" model="ir.rule">
            <field name="name">Assessment tags Admin Rule</field>
            <field name="model_id" ref="model_assessment_tags"/>
            <field name="global" eval="True"/>
            <field name="domain_force">[(1,'=',1)]</field>
            <field name="groups" eval="[(4, ref('paceflow.group_paceflow_admins'))]"/>
        </record>
    </data>
    <data noupdate="1">
        <record id="assessment_comments_admin_rule" model="ir.rule">
            <field name="name">Assessment comments Admin Rule</field>
            <field name="model_id" ref="model_comment_comment"/>
            <field name="global" eval="True"/>
            <field name="domain_force">[(1,'=',1)]</field>
            <field name="groups" eval="[(4, ref('paceflow.group_paceflow_admins'))]"/>
        </record>
    </data>
    <data noupdate="1">
        <record id="paceflow_client_admin_rule" model="ir.rule">
            <field name="name">Pace-flow client Admin Rule</field>
            <field name="model_id" ref="model_paceflow_client"/>
            <field name="global" eval="True"/>
            <field name="domain_force">[(1,'=',1)]</field>
            <field name="groups" eval="[(4, ref('paceflow.group_paceflow_admins'))]"/>
        </record>
    </data>
    <data noupdate="1">
        <record id="paceflow_child_admin_rule" model="ir.rule">
            <field name="name">Pace-flow child Admin Rule</field>
            <field name="model_id" ref="model_paceflow_child"/>
            <field name="global" eval="True"/>
            <field name="domain_force">[(1,'=',1)]</field>
            <field name="groups" eval="[(4, ref('paceflow.group_paceflow_admins'))]"/>
        </record>
    </data>
    <data noupdate="1">
        <record id="assessment_stage_admin_rule" model="ir.rule">
            <field name="name">Assessment stage Admin Rule</field>
            <field name="model_id" ref="model_assessment_stage"/>
            <field name="global" eval="True"/>
            <field name="domain_force">[(1,'=',1)]</field>
            <field name="groups" eval="[(4, ref('paceflow.group_paceflow_admins'))]"/>
        </record>
    </data>
<!--    pace-flow coaches rule-->
    <data noupdate="1">
        <record id="assessments_coach_rule" model="ir.rule">
            <field name="name">Assessments Coach Rule</field>
            <field name="model_id" ref="model_assessment_assessment"/>
            <field name="global" eval="True"/>
            <field name="domain_force">[('coach_id','=',user.id)]</field>
            <field name="groups" eval="[(4, ref('paceflow.group_paceflow_coaches'))]"/>
        </record>
    </data>
    <data noupdate="1">
        <record id="assessment_tags_coach_rule" model="ir.rule">
            <field name="name">Assessment tags Coach Rule</field>
            <field name="model_id" ref="model_assessment_tags"/>
            <field name="global" eval="True"/>
            <field name="domain_force">[(1,'=',1)]</field>
            <field name="groups" eval="[(4, ref('paceflow.group_paceflow_coaches'))]"/>
        </record>
    </data>
    <data noupdate="1">
        <record id="assessment_comments_coach_rule" model="ir.rule">
            <field name="name">Assessment comments Coach Rule</field>
            <field name="model_id" ref="model_comment_comment"/>
            <field name="global" eval="True"/>
            <field name="domain_force">[(1,'=',1)]</field>
            <field name="groups" eval="[(4, ref('paceflow.group_paceflow_coaches'))]"/>
        </record>
    </data>
    <data noupdate="1">
        <record id="paceflow_client_coach_rule" model="ir.rule">
            <field name="name">Pace-flow client Coach Rule</field>
            <field name="model_id" ref="model_paceflow_client"/>
            <field name="global" eval="True"/>
            <field name="domain_force">[(1,'=',1)]</field>
            <field name="groups" eval="[(4, ref('paceflow.group_paceflow_coaches'))]"/>
        </record>
    </data>
    <data noupdate="1">
        <record id="paceflow_child_coach_rule" model="ir.rule">
            <field name="name">Pace-flow child Coach Rule</field>
            <field name="model_id" ref="model_paceflow_child"/>
            <field name="global" eval="True"/>
            <field name="domain_force">[(1,'=',1)]</field>
            <field name="groups" eval="[(4, ref('paceflow.group_paceflow_coaches'))]"/>
        </record>
    </data>
    <data noupdate="1">
        <record id="assessment_stage_coach_rule" model="ir.rule">
            <field name="name">Assessment stage Coach Rule</field>
            <field name="model_id" ref="model_assessment_stage"/>
            <field name="global" eval="True"/>
            <field name="domain_force">[(1,'=',1)]</field>
            <field name="groups" eval="[(4, ref('paceflow.group_paceflow_coaches'))]"/>
        </record>
    </data>
</odoo>