<?xml version="1.0" ?>
<templates>
    <!-- Core Dialog  -->
    <div t-name="theme_alan.core_dialog">
        <!-- Modal Header -->
        <div t-if="widget.options.enableCoreTitle == 1" class="as-core-modal-header border-bottom p-3">
            <h4 class="m-0"> <i class="fa fa-cog"></i> <t t-esc="widget.coreTitle"/></h4>
        </div>
        <!-- Modal Body -->
        <div class="main_templaye as-core-modal-body">
            <t t-out="widget.options.subTemplate"/>
        </div>
        <!-- Modal Footer -->
        <div t-if="widget.options.enableCoreButton == 1" class="as-core-modal-footer d-flex flex-wrap p-3 border-top">
            <button class="btn btn-primary as-save-dialog">
                Save
            </button>
            <button class="btn btn-secondary as-close-dialog">
                Discard
            </button>
        </div>
    </div>

    <!-- Brand list view init-->
    <t t-name="theme_alan.dialog_brand_list_view_init">
        <ui class="as-sort-data">
            <t t-foreach="data" t-as="d" >
                <li class="as-record-card-view" t-att-data-brand-id="d.id" t-att-data-brand-name="d.name">
                    <div class="media">
                        <div class="as-remove-btn as-rec-rm-btn"><i class="fa fa-trash"></i></div>
                        <div class="as-e-img">
                            <img class="card-img o_image_64_contain" t-att-src="d.logo"/>
                        </div>
                        <div class="media-body">
                            <h6 class="as-e-name" t-esc="d.name"/>
                        </div>
                    </div>
                </li>
            </t>
        </ui>
    </t>

    <!-- Image gallery view init-->
    <t t-name="theme_alan.dialog_add_tab_view_init">
        <t t-foreach="data" t-as="d">
            <t t-set="dt" t-value="data[d]"/>
            <div class="as-sort-data as-edit-gallery-popup-row">
                <div>
                    <form class="form-row">
                        <div class="tabInpuqt col-sm-4">
                            <label class="sr-only" for="tabTitle">Tab Title : </label>
                            <input type="text" name="tabTitle" class="form-control tab-title" placeholder="Tab title..." t-att-value="d"/>
                        </div>
                        <div class="col-auto d-flex">
                            <a class="as-edit-btn as-edit-btn-gray add_image mr-2"><i class="fa fa-plus"></i> Add Images</a>
                            <a class="as-edit-btn btn-danger text-white" id="remove-tab">Remove</a>
                        </div>
                    </form>
                    <div class="container as-edit-gallery-popup-container p-0 mt-4">
                        <t t-foreach="dt" t-as="image">
                            <div class="as-img-div">
                                <span class="as-img-remove"/>
                                <img class="as-img-gallery " t-att-src="image"/>
                            </div>
                        </t>
                    </div>
                </div>
            </div>
        </t>
    </t>

    <!-- Category list view init-->
    <t t-name="theme_alan.dialog_categ_list_view_init">
        <ui class="as-sort-data">
            <t t-foreach="data" t-as="d" >
                <li class="as-record-card-view" t-att-data-cat-id="d.id" t-att-data-cat-name="d.name">
                    <div class="media">
                        <div class="as-remove-btn as-rec-rm-btn"><i class="fa fa-trash"></i></div>
                        <div class="as-e-img">
                            <img class="card-img o_image_64_contain" t-att-src="d.image"/>
                        </div>
                        <div class="media-body">
                            <h6 class="as-e-name" t-esc="d.name"/>
                        </div>
                    </div>
                </li>
            </t>
        </ui>
    </t>

    <!-- Category with product selection list view init dialog -->
    <t t-name="theme_alan.dialog_catProd_list_view_init">
        <ui class="as-sort-data">
            <t t-foreach="data" t-as="d" >
                <li class="as-record-card-view" t-att-data-cat-id="d.id" t-att-data-cat-name="d.name"
                t-att-data-prod-data="d.prodData" t-att-data-prod-ids="d.prodIds">
                    <div class="media">
                        <div class="as-e-img">
                            <img class="o_image_64_contain" t-att-src="d.image"/>
                        </div>
                        <div class="media-body">
                            <h6 class="as-e-name" t-esc="d.name"/>
                            <div class="as-add-prod-btn" t-att-data-cat-id="d.id">Add Product</div>
                        </div>
                    </div>
                </li>
            </t>
        </ui>
    </t>

    <!-- Category with product selection list view init dialog -->
    <t t-name="theme_alan.dialog_catGrid_list_view_init">
        <ui class="as-sort-data">
            <t t-foreach="data" t-as="d" >
                <li class="as-record-card-view" t-att-data-cat-id="d.id" t-att-data-cat-name="d.name"
                t-att-data-prod-data="d.prodData" t-att-data-prod-ids="d.prodIds">
                    <div class="media">
                        <div class="as-edit-btn as-edit-btn-red as-record-rm-btn" title="Remove"><i class="fa fa-trash"></i></div>
                        <div class="as-e-img">
                            <img class="o_image_64_contain" t-att-src="d.image"/>
                        </div>
                        <div class="media-body">
                            <h6 class="as-e-name" t-esc="d.name"/>
                            <div class="as-add-prod-btn" t-att-data-cat-id="d.id">Add Product</div>
                        </div>
                    </div>
                </li>
            </t>
        </ui>
    </t>

    <!-- Product list view init-->
    <t t-name="theme_alan.dialog_product_list_view_init">
        <ui class="as-sort-data">
            <t t-foreach="data" t-as="d" >
                <li class="as-record-card-view" t-att-data-prod-id="d.id" t-att-data-prod-name="d.name">
                    <div class="media">
                        <div class="as-edit-btn as-edit-btn-red as-record-rm-btn" title="Remove"><i class="fa fa-trash"></i></div>
                        <div class="as-e-img">
                            <img class="o_image_64_contain" t-att-src="d.image"/>
                        </div>
                        <div class="media-body">
                            <h6 class="as-e-name" t-esc="d.name"/>
                            <span class="as-e-price" t-out="d.price"/>
                        </div>
                    </div>
                </li>
            </t>
        </ui>
    </t>

    <!-- Product list view init-->
    <t t-name="theme_alan.dialog_prod_list_view_init">
        <ui class="as-sort-data">
            <t t-foreach="data" t-as="d" >
                <li class="as-record-card-view" t-att-data-prod-id="d.id" t-att-data-prod-name="d.name" t-att-data-time-data="d.timeData">
                    <div class="media">
                        <div class="as-edit-btn as-edit-btn-red as-record-rm-btn" title="Remove"><i class="fa fa-trash"></i></div>
                        <div class="as-e-img">
                            <img class="o_image_64_contain" t-att-src="d.image"/>
                        </div>
                        <div class="media-body">
                            <h6 class="as-e-name" t-esc="d.name"/>
                            <span class="as-e-price" t-out="d.price"/>
                            <div class="as-add-timer" t-att-data-prod-id="d.id">Add timer</div>
                        </div>
                    </div>
                </li>
            </t>
        </ui>
    </t>

    <!-- Blog list view init-->
    <t t-name="theme_alan.dialog_blog_list_view_init">
        <ui class="as-sort-data">
            <t t-foreach="data" t-as="d" >
                <li class="as-record-card-view" t-att-data-blog-id="d.id" t-att-data-blog-name="d.name">
                    <div class="media">
                        <div class="as-remove-btn as-rec-rm-btn"><i class="fa fa-trash"></i></div>
                        <div class="media-body">
                            <h5 class="as-e-name" t-esc="d.name"/>
                        </div>
                    </div>
                </li>
            </t>
        </ui>
    </t>
</templates>