<?xml version="1.0" encoding="UTF-8"?>
<templates id="template" xml:space="preserve">
    <t t-name="theme_alan.as_countdown_template">
        <t t-if="data !== false">
            <t t-if="'has_future_offer' in data['offer'] || data['offer'].discount_include == 'with_discount' ||  data['offer'].discount_include == 'without_discount'">
                <t t-if="data['offer'].has_future_offer === true &amp;&amp; data['offer'].show_offers === true &amp;&amp; data['offer'].offer_alert_msg !== false">
                    <div class="as_offer_text"><t t-esc="data['offer'].offer_alert_msg.replaceAll('@',data['offer'].days_left)" /></div>
                </t>
                <t t-elif="(data['offer'].discount_include == 'with_discount' || data['offer'].discount_include == 'without_discount') &amp;&amp; data['offer'].has_future_offer === false">
                    <div id="as_countdown_div"></div>
                    <div class="as_pre_offer"><t t-esc="data['offer'].offer_msg" /></div>
                </t>
                <t t-else=""></t>
            </t>
        </t>
    </t>
</templates>