<?xml version="1.0" ?>
<templates>
    <!-- select2 to product dropdown template-->
    <div t-name="theme_alan.as_select2_products_dropdown">
        <div class="as-s2-media">
            <div class="as-s2-img">
                <img class="card-img o_image_64_contain" t-att-src="data.image"/>
            </div>
            <div class="as-s2-media-body">
                <h6 class="mb-1" t-esc="data.text"/>
                <small class="d-block mb-1" t-out="data.description"/>
            </div>
        </div>
    </div>

    <!-- select2 to timer dropdown template-->
    <div t-name="theme_alan.as_timer_dropdown">
        <div class="row align-items-center form-group m_tab_collection_container">
            <label for="p_offer_timer" class="col-sm-2 m-0 form-label font-weight-bold">Date and Time: </label>
            <div class="col-sm-5">
                <div class="input-group date" id="timepicker" data-target-input="nearest">
                    <input type="text" class="form-control datetimepicker-input" data-target="#timepicker" id="offerTime" name="offerTime" />
                    <div class="input-group-append" data-target="#timepicker" data-toggle="datetimepicker">
                        <div class="input-group-text"><i class="fa fa-calendar"></i></div>
                    </div>
                </div>
            </div>
        </div>
        <script type="text/javascript">
            $(function () {
                $('#timepicker').datetimepicker({
                    widgetParent: 'body',
                    minDate: new Date(),
                });
            });
        </script>
    </div>

    <!-- select2 to category dropdown template-->
    <div t-name="theme_alan.as_select2_category_dropdown">
        <div class="as-s2-media">
            <div class="as-s2-img">
                <img class="card-img o_image_64_contain" t-att-src="data.image"/>
            </div>
            <div class="as-s2-media-body">
                <h6 class="mb-1" t-esc="data.text"/>
            </div>
        </div>
    </div>

    <!-- select2 to brand dropdown template-->
    <div t-name="theme_alan.as_select2_brand_dropdown">
        <div class="as-s2-media">
            <div class="as-s2-img">
                <img class="card-img o_image_64_contain" t-att-src="data.logo"/>
            </div>
            <div class="as-s2-media-body">
                <h6 class="mb-1" t-esc="data.name"/>
            </div>
        </div>
    </div>

    <!-- select2 to blog dropdown template-->
    <div t-name="theme_alan.as_select2_blog_dropdown">
        <div class="as-s2-media">
            <div class="as-s2-media-body">
                <h6 class="mb-1" t-esc="data.name"/>
            </div>
        </div>
    </div>
</templates>