<?xml version="1.0" ?>
<templates>
    <!-- Product list view dialog -->
    <t t-name="theme_alan.dialog_product_list_view">
        <ui class="as-sort-data">
            <t t-foreach="data" t-as="d" >
                <li class="as-record-card-view" t-att-data-prod-id="d.id" t-att-data-prod-name="d.name">
                    <div class="media">
                        <div class="as-edit-btn as-edit-btn-red as-record-rm-btn" title="Remove"><i class="fa fa-trash"></i></div>
                        <div class="as-e-img">
                            <img class="o_image_64_contain" t-att-src="d.image"/>
                        </div>
                        <div class="media-body">
                            <h6 class="as-e-name" t-esc="d.name"/>
                            <span class="as-e-price" t-out="d.price"/>
                        </div>
                    </div>
                </li>
            </t>
        </ui>
    </t>

    <!-- Image Tab list view -->
    <t t-name="theme_alan.dialog_add_tab_view">
        <div class="as-sort-data as-edit-gallery-popup-row">
            <div>
                <form class="form-row">
                    <div class="tabInput col-sm-4">
                        <label class="sr-only" for="tabTitle">Tab Title : </label>
                        <input type="text" name="tabTitle" class="form-control tab-title" placeholder="Tab title..."/>
                    </div>
                    <div class="col-auto d-flex">
                        <a class="as-edit-btn as-edit-btn-gray add_image mr-2"><i class="fa fa-plus"></i> Add Images</a>
                        <a class="as-edit-btn btn-danger text-white" id="remove-tab">Remove</a>
                    </div>
                </form>
                <div class="container as-edit-gallery-popup-container p-0 mt-4"/>
            </div>
        </div>
    </t>

    <!-- Product Offer list view dialog -->
    <t t-name="theme_alan.dialog_prodOffer_list_view">
        <ui class="as-sort-data">
            <t t-foreach="data" t-as="d" >
                <li class="as-record-card-view" t-att-data-prod-id="d.id" t-att-data-prod-name="d.name" t-att-data-time-data="d.timeData" >
                    <div class="media">
                        <div class="as-edit-btn as-edit-btn-red as-record-rm-btn" title="Remove"><i class="fa fa-trash"></i></div>
                        <div class="as-e-img">
                            <img class="o_image_64_contain" t-att-src="d.image"/>
                        </div>
                        <div class="media-body">
                            <h6 class="as-e-name" t-esc="d.name"/>
                            <span class="as-e-price" t-out="d.price"/>
                            <div class="as-add-timer" t-att-data-prod-id="d.id">Add timer</div>
                        </div>
                    </div>
                </li>
            </t>
        </ui>
    </t>

    <!-- Category list view dialog -->
    <t t-name="theme_alan.dialog_cat_list_view">
        <ui class="as-sort-data">
            <t t-foreach="data" t-as="d" >
                <li class="as-record-card-view" t-att-data-cat-id="d.id" t-att-data-cat-name="d.name"
                t-att-data-sub-cat-data="d.subCatData" t-att-data-sub-cat-ids="d.subCatIds">
                    <div class="media">
                        <div class="as-edit-btn as-edit-btn-red as-record-rm-btn" title="Remove"><i class="fa fa-trash"></i></div>
                        <div class="as-e-img">
                            <img class="o_image_64_contain" t-att-src="d.image"/>
                        </div>
                        <div class="media-body">
                            <h6 class="as-e-name" t-esc="d.name"/>
                            <div class="as-add-sub-cat-btn" t-att-data-cat-id="d.id">Add Sub Category</div>
                        </div>
                    </div>
                </li>
            </t>
        </ui>
    </t>

    <!-- Category with product selection list view dialog -->
    <t t-name="theme_alan.dialog_catProd_list_view">
        <ui class="as-sort-data">
            <t t-foreach="data" t-as="d" >
                <li class="as-record-card-view" t-att-data-cat-id="d.id" t-att-data-cat-name="d.name"
                t-att-data-prod-data="d.prodData" t-att-data-prod-ids="d.prodIds">
                    <div class="media">
                        <div class="as-e-img">
                            <img class="o_image_64_contain" t-att-src="d.image"/>
                        </div>
                        <div class="media-body">
                            <h6 class="as-e-name" t-esc="d.name"/>
                            <div class="as-add-prod-btn" t-att-data-cat-id="d.id">Add Product</div>
                        </div>
                    </div>
                </li>
            </t>
        </ui>
    </t>

    <!-- Category with product selection list view dialog -->
    <t t-name="theme_alan.dialog_catGrid_list_view">
        <ui class="as-sort-data">
            <t t-foreach="data" t-as="d" >
                <li class="as-record-card-view" t-att-data-cat-id="d.id" t-att-data-cat-name="d.name"
                t-att-data-prod-data="d.prodData" t-att-data-prod-ids="d.prodIds">
                    <div class="media">
                        <div class="as-edit-btn as-edit-btn-red as-record-rm-btn" title="Remove"><i class="fa fa-trash"></i></div>
                        <div class="as-e-img">
                            <img class="o_image_64_contain" t-att-src="d.image"/>
                        </div>
                        <div class="media-body">
                            <h6 class="as-e-name" t-esc="d.name"/>
                            <div class="as-add-prod-btn" t-att-data-cat-id="d.id">Add Product</div>
                        </div>
                    </div>
                </li>
            </t>
        </ui>
    </t>

    <!-- Brand list view dialog -->
    <t t-name="theme_alan.dialog_brand_list_view">
        <ui class="as-sort-data">
            <t t-foreach="data" t-as="d" >
                <li class="as-record-card-view" t-att-data-brand-id="d.id" t-att-data-brand-name="d.name">
                    <div class="media">
                        <div class="as-remove-btn as-rec-rm-btn"><i class="fa fa-trash"></i></div>
                        <div class="as-e-img">
                            <img class="card-img o_image_64_contain" t-att-src="d.logo"/>
                        </div>
                        <div class="media-body">
                            <h6 class="as-e-name" t-esc="d.name"/>
                        </div>
                    </div>
                </li>
            </t>
        </ui>
    </t>

    <!-- BrandCategory list view dialog -->
    <t t-name="theme_alan.dialog_categ_list_view">
        <ui class="as-sort-data">
            <t t-foreach="data" t-as="d" >
                <li class="as-record-card-view" t-att-data-cat-id="d.id" t-att-data-cat-name="d.name">
                    <div class="media">
                        <div class="as-remove-btn as-rec-rm-btn"><i class="fa fa-trash"></i></div>
                        <div class="as-e-img">
                            <img class="card-img o_image_64_contain" t-att-src="d.image"/>
                        </div>
                        <div class="media-body">
                            <h6 class="as-e-name" t-esc="d.name"/>
                        </div>
                    </div>
                </li>
            </t>
        </ui>
    </t>

    <!-- Blog list view dialog -->
    <t t-name="theme_alan.dialog_blog_list_view">
        <ui class="as-sort-data">
            <t t-foreach="data" t-as="d" >
                <li class="as-record-card-view" t-att-data-blog-id="d.id" t-att-data-blog-name="d.name">
                    <div class="media">
                        <div class="as-remove-btn as-rec-rm-btn"><i class="fa fa-trash"></i></div>
                        <div class="media-body">
                            <h5 class="as-e-name" t-esc="d.name"/>
                        </div>
                    </div>
                </li>
            </t>
        </ui>
    </t>
</templates>